,Molecule keywords
0,phenothiazine
1,"coumarin, triphenylamine"
2,"coumarin, triphenylamine"
3,"coumarin, triphenylamine"
4,"coumarin, triphenylamine"
5,"coumarin, triphenylamine"
6,"coumarin, triphenylamine"
7,"coumarin, triphenylamine"
8,"coumarin, triphenylamine"
9,"coumarin, triphenylamine"
10,coumarin
11,coumarin
12,coumarin
13,coumarin
14,coumarin
15,coumarin
16,coumarin
17,coumarin
18,coumarin
19,coumarin
20,coumarin
21,coumarin
22,coumarin
23,coumarin
24,coumarin
25,coumarin
26,coumarin
27,coumarin
28,coumarin
29,coumarin
30,"carbazole, benzothiadiazole"
31,coumarin
32,coumarin
33,coumarin
34,coumarin
35,coumarin
36,coumarin
37,coumarin
38,coumarin
39,coumarin
40,coumarin
41,coumarin
42,coumarin
43,coumarin
44,coumarin
45,coumarin
46,coumarin
47,coumarin
48,coumarin
49,coumarin
50,coumarin
51,coumarin
52,coumarin
53,coumarin
54,coumarin
55,coumarin
56,coumarin
57,coumarin
58,phenothiazine
59,coumarin
60,coumarin
61,coumarin
62,coumarin
63,coumarin
64,coumarin
65,coumarin
66,coumarin
67,coumarin
68,coumarin
69,coumarin
70,coumarin
71,coumarin
72,coumarin
73,coumarin
74,coumarin
75,coumarin
76,coumarin
77,coumarin
78,coumarin
79,coumarin
80,coumarin
81,coumarin
82,coumarin
83,coumarin
84,coumarin
85,coumarin
86,coumarin
87,coumarin
88,coumarin
89,coumarin
90,phenothiazine
91,coumarin
92,coumarin
93,coumarin
94,coumarin
95,coumarin
96,coumarin
97,coumarin
98,coumarin
99,coumarin
100,coumarin
101,coumarin
102,iminocoumarin
103,iminocoumarin
104,iminocoumarin
105,iminocoumarin
106,iminocoumarin
107,iminocoumarin
108,coumarin
109,coumarin
110,coumarin
111,coumarin
112,coumarin
113,coumarin
114,coumarin
115,coumarin
116,coumarin
117,coumarin
118,dimethylaniline
119,dimethylaniline
120,triphenylamine
121,coumarin
122,dimethylaniline
123,dimethylaniline
124,coumarin
125,coumarin
126,coumarin
127,coumarin
128,coumarin
129,coumarin
130,coumarin
131,coumarin
132,coumarin
133,coumarin
134,coumarin
135,coumarin
136,coumarin
137,coumarin
138,coumarin
139,coumarin
140,coumarin
141,coumarin
142,Coumarin
143,coumarin
144,Coumarin
145,coumarin
146,Coumarin
147,coumarin
148,carbazole
149,"carbazole, benzothiadiazole"
150,carbazole
151,carbazole
152,carbazole
153,carbazole
154,carbazole
155,carbazole
156,carbazole
157,carbazole
158,carbazole
159,carbazole
160,carbazole
161,carbazole
162,carbazole
163,carbazole
164,carbazole
165,carbazole
166,carbazole
167,carbazole
168,carbazole
169,carbazole
170,carbazole
171,carbazole
172,carbazole
173,carbazole
174,carbazole
175,carbazole
176,carbazole
177,carbazole
178,Phenothiazine
179,phenothiazine
180,"triphenylamine, phenothiazine"
181,phenothiazine
182,oligothiophene
183,phenothiazine
184,"carbazole, benzothiadiazole"
185,"carbazole, benzothiadiazole"
186,carbazole
187,carbazole
188,carbazole
189,carbazole
190,carbazole
191,carbazole
192,carbazole
193,carbazole
194,carbazole
195,phenothiazine
196,Phenothiazine
197,Phenothiazine
198,Phenothiazine
199,Phenothiazine
200,Phenothiazine
201,Phenothiazine
202,Phenothiazine
203,Phenothiazine
204,diethylamino
205,Phenothiazine
206,Phenothiazine
207,Phenothiazine
208,Phenothiazine
209,Phenothiazine
210,Phenothiazine
211,Phenothiazine
212,Phenothiazine
213,Phenothiazine
214,Phenothiazine
215,Phenothiazine
216,phenothiazine
217,phenothiazine
218,phenothiazine
219,phenothiazine
220,phenothiazine
221,phenothiazine
222,Phenoxazine
223,Phenoxazine
224,phenothiazine
225,phenothiazine
226,phenothiazine
227,phenothiazine
228,phenothiazine
229,diethylamino
230,phenothiazine
231,Phenothiazine
232,Phenothiazine
233,Phenothiazine
234,Phenothiazine
235,phenothiazine
236,carbazole
237,carbazole
238,phenothiazine
239,phenothiazine
240,phenothiazine
241,phenothiazine
242,phenothiazine
243,"phenothiazine, squaraine"
244,"phenothiazine, squaraine"
245,"phenothiazine, squaraine"
246,"phenothiazine, squaraine"
247,"phenothiazine, squaraine"
248,"phenothiazine, squaraine"
249,Phenothiazine
250,Phenothiazine
251,phenothiazine
252,phenothiazine
253,"phenanthrenequinone, phenothiazine"
254,phenothiazine
255,phenothiazine
256,phenoxazine
257,phenothiazine
258,"Phenothiazine, pyridinium"
259,"Phenothiazine, indolium"
260,"Phenothiazine, indolium"
261,"Phenothiazine, pyridinium"
262,"Phenothiazine, indolium"
263,"Phenothiazine, indolium"
264,"Phenothiazine, pyridinium"
265,"Phenothiazine, indolium"
266,Phenothiazine
267,Phenothiazine
268,Phenothiazine
269,Phenothiazine
270,Phenothiazine
271,Phenothiazine
272,Phenothiazine
273,Phenothiazine
274,Phenoxazine
275,Phenoxazine
276,Phenothiazine
277,Phenothiazine
278,Phenothiazine
279,Phenothiazine
280,Phenothiazine
281,Phenothiazine
282,Phenothiazine
283,diethylamino
284,Phenoxazine
285,Phenoxazine
286,phenothiazine
287,Phenothiazine
288,Phenothiazine
289,Phenothiazine
290,Phenothiazine
291,Phenothiazine
292,Phenothiazine
293,Phenothiazine
294,Phenothiazine
295,Phenothiazine
296,Phenothiazine
297,Phenothiazine
298,Phenothiazine
299,Phenothiazine
300,Phenothiazine
301,Phenothiazine
302,Phenothiazine
303,Phenothiazine
304,Phenothiazine
305,Phenothiazine
306,Phenothiazine
307,phenoxazine
308,Phenothiazine
309,Phenothiazine
310,Phenothiazine
311,phenothiazine
312,Phenothiazine
313,Phenothiazine
314,Phenothiazine
315,Phenothiazine
316,Phenothiazine
317,Phenothiazine
318,Phenoxazine
319,Phenoxazine
320,Phenothiazine
321,Phenothiazine
322,Phenothiazine
323,Phenothiazine
324,Phenothiazine
325,Phenothiazine
326,Phenothiazine
327,Phenothiazine
328,Phenothiazine
329,Phenothiazine
330,Phenothiazine
331,Phenothiazine
332,Phenothiazine
333,phenothiazine
334,phenothiazine
335,Phenothiazine
336,Phenothiazine
337,phenothiazine
338,Phenothiazine
339,Phenothiazine
340,phenothiazine
341,Phenothiazine
342,Phenothiazine
343,Phenothiazine
344,Phenothiazine
345,Phenothiazine
346,Phenothiazine
347,Phenothiazine
348,Phenothiazine
349,Phenothiazine
350,Phenothiazine
351,Phenothiazine
352,Phenothiazine
353,Phenothiazine
354,Phenothiazine
355,Phenothiazine
356,Phenoxazine
357,Phenothiazine
358,phenothiazine
359,phenothiazine
360,phenothiazine
361,phenothiazine
362,phenothiazine
363,phenothiazine
364,phenothiazine
365,phenothiazine
366,phenothiazine
367,phenothiazine
368,phenothiazine
369,phenothiazine
370,phenothiazine
371,phenothiazine
372,phenothiazine
373,"triphenylamine, phenothiazine"
374,phenothiazine
375,phenothiazine
376,phenothiazine
377,phenothiazine
378,phenothiazine
379,phenothiazine
380,phenothiazine
381,phenothiazine
382,"phenothiazine, triphenylamine"
383,"phenothiazine, triphenylamine"
384,"phenothiazine, triphenylamine"
385,"phenothiazine, triphenylamine"
386,"phenothiazine, triphenylamine"
387,"phenothiazine, triphenylamine"
388,"phenothiazine, triphenylamine"
389,"phenothiazine, triphenylamine"
390,"phenothiazine, triphenylamine"
391,"phenothiazine, triphenylamine"
392,"phenothiazine, triphenylamine"
393,"phenothiazine, triphenylamine"
394,"phenothiazine, triphenylamine"
395,"phenothiazine, triphenylamine"
396,"phenothiazine, triphenylamine"
397,"phenothiazine, dithienopyrrolobenzothiadiazole"
398,"phenothiazine, dithienopyrrolobenzothiadiazole"
399,"phenothiazine, dithienopyrrolobenzothiadiazole"
400,"triphenylamine,  dithienopyrrolobenzothiadiazole"
401,"phenothiazine, dithienopyrrolobenzothiadiazole"
402,"phenothiazine, dithienopyrrolobenzothiadiazole"
403,"phenothiazine, dithienopyrrolobenzothiadiazole"
404,phenothiazine
405,phenothiazine
406,phenoxazine
407,phenothiazine
408,phenoxazine
409,phenothiazine
410,phenothiazine
411,bodipy
412,phenothiazine
413,phenothiazine
414,phenothiazine
415,phenothiazine
416,phenothiazine
417,phenothiazine
418,phenothiazine
419,phenothiazine
420,phenothiazine
421,phenothiazine
422,phenothiazine
423,phenothiazine
424,phenothiazine
425,phenothiazine
426,phenothiazine
427,phenothiazine
428,phenothiazine
429,phenothiazine
430,phenothiazine
431,phenothiazine
432,phenothiazine
433,bodipy
434,diethylamino
435,phenoxazine
436,phenoxazine
437,phenoxazine
438,phenothiazine
439,phenothiazine
440,phenothiazine
441,phenothiazine
442,phenothiazine
443,phenothiazine
444,phenothiazine
445,phenothiazine
446,phenothiazine
447,phenothiazine
448,phenothiazine
449,phenothiazine
450,phenoxazine
451,phenoxazine
452,phenoxazine
453,phenoxazine
454,phenothiazine
455,phenothiazine
456,phenothiazine
457,"phenothiazine, triphenylamine"
458,phenothiazine
459,bodipy
460,"carbazole, triphenylamine"
461,phenothiazine
462,"phenothiazine, triphenylamine"
463,phenothiazine
464,phenothiazine
465,"phenothiazine, triphenylamine"
466,phenothiazine
467,carbazole
468,"phenothiazine, triphenylamine"
469,phenothiazine
470,phenothiazine
471,"phenothiazine, triphenylamine"
472,phenothiazine
473,"phenothiazine, triphenylamine"
474,phenothiazine
475,phenothiazine
476,phenothiazine
477,phenothiazine
478,phenothiazine
479,phenothiazine
480,phenothiazine
481,phenothiazine
482,phenothiazine
483,phenothiazine
484,phenothiazine
485,phenothiazine
486,phenothiazine
487,phenothiazine
488,Iminodibenzyl
489,bodipy
490,phenothiazine
491,phenothiazine
492,phenothiazine
493,phenothiazine
494,phenothiazine
495,"carbazole, triphenylamine"
496,"carbazole, triphenylamine"
497,phenothiazine
498,phenothiazine
499,phenothiazine
500,"phenothiazine, carbazole"
501,"phenothiazine, carbazole"
502,"phenothiazine, carbazole"
503,"phenothiazine, carbazole"
504,"phenothiazine, carbazole"
505,"phenothiazine, carbazole"
506,"phenothiazine, carbazole"
507,"phenothiazine, carbazole"
508,phenothiazine
509,phenothiazine
510,phenothiazine
511,phenothiazine
512,phenothiazine
513,phenothiazine
514,phenothiazine
515,phenothiazine
516,phenothiazine
517,phenothiazine
518,phenothiazine
519,phenothiazine
520,phenothiazine
521,phenothiazine
522,phenothiazine
523,phenothiazine
524,phenothiazine
525,phenothiazine
526,phenothiazine
527,phenothiazine
528,phenothiazine
529,phenothiazine
530,phenothiazine
531,phenothiazine
532,Phenothiazine
533,phenothiazine
534,phenothiazine
535,phenothiazine
536,phenothiazine
537,phenothiazine
538,phenylenebisthiophene
539,phenothiazine
540,phenothiazine
541,phenothiazine
542,"phenothiazine,carbazole"
543,"phenothiazine,carbazole"
544,"phenothiazine,carbazole"
545,"phenothiazine,carbazole"
546,phenothiazine
547,phenothiazine
548,phenothiazine
549,phenothiazine
550,phenothiazine
551,phenothiazine
552,phenothiazine
553,phenothiazine
554,phenothiazine
555,phenothiazine
556,phenothiazine
557,"indoloquinoxaline,phenothiazine"
558,"indoloquinoxaline,phenothiazine"
559,phenothiazine
560,phenothiazine
561,phenothiazine
562,"triphenylamine, phenothiazine"
563,phenothiazine
564,phenothiazine
565,phenothiazine
566,phenothiazine
567,phenothiazine
568,phenoxazine
569,phenoxazine
570,phenoxazine
571,phenothiazine
572,carbazole
573,carbazole
574,phenothiazine
575,phenothiazine
576,phenothiazine
577,phenothiazine
578,phenothiazine
579,phenothiazine
580,phenothiazine
581,"carbazole,hexylthiophene"
582,phenothiazine
583,phenothiazine
584,phenothiazine
585,phenothiazine
586,phenothiazine
587,phenothiazine
588,phenothiazine
589,phenothiazine
590,phenothiazine
591,phenothiazine
592,phenothiazine
593,phenothiazine
594,phenothiazine
595,phenothiazine
596,phenothiazine
597,phenothiazine
598,phenothiazine
599,Phenothiazine
600,phenothiazine
601,phenothiazine
602,phenothiazine
603,carbazole
604,phenothiazine
605,phenothiazine
606,phenothiazine
607,"phenoxazine,bodipy"
608,phenothiazine
609,phenothiazine
610,phenothiazine
611,phenothiazine
612,"phenothiazine,bodipy"
613,Phenothiazine
614,phenothiazine
615,phenothiazine
616,phenothiazine
617,phenothiazine
618,phenothiazine
619,phenothiazine
620,phenothiazine
621,phenothiazine
622,phenothiazine
623,phenothiazine
624,phenothiazine
625,carbazole
626,carbazole
627,carbazole
628,carbazole
629,carbazole
630,carbazole
631,carbazole
632,carbazole
633,carbazole
634,carbazole
635,"carbazole, triphenylamine"
636,"carbazole, triphenylamine"
637,"carbazole, triphenylamine"
638,"carbazole, triphenylamine"
639,"carbazole, triphenylamine"
640,carbazole
641,carbazole
642,carbazole
643,carbazole
644,carbazole
645,"carbazole,hexylthiophene"
646,carbazole
647,carbazole
648,carbazole
649,carbazole
650,carbazole
651,carbazole
652,carbazole
653,carbazole
654,carbazole
655,carbazole
656,"fluorene, carbazole"
657,"fluorene, carbazole"
658,"fluorene, carbazole"
659,"fluorene, carbazole"
660,carbazole
661,carbazole
662,carbazole
663,carbazole
664,carbazole
665,carbazole
666,carbazole
667,carbazole
668,carbazole
669,carbazole
670,triphenylamine
671,carbazole
672,"carbazole, indole"
673,"carbazole,hexylthiophene"
674,thienocarbazole
675,thienocarbazole
676,thienocarbazole
677,thienocarbazole
678,indolocarbazole
679,indolocarbazole
680,benzothiadiazole
681,quinoxaline
682,"quinoxaline,carbazole"
683,"quinoxaline,carbazole"
684,tetrahydroquinoline
685,carbazole
686,"carbazole,bodipy"
687,"carbazole,bodipy"
688,tetrahydroquinoline
689,tetrahydroquinoline
690,tetrahydroquinoline
691,tetrahydroquinoline
692,carbazole
693,carbazole
694,carbazole
695,carbazole
696,carbazole
697,carbazole
698,carbazole
699,carbazole
700,carbazole
701,carbazole
702,carbazole
703,"carbazole,hexylthiophene"
704,carbazole
705,"carbazole,hexylthiophene"
706,"carbazole,hexylthiophene"
707,"carbazole,hexylthiophene"
708,carbazole
709,carbazole
710,carbazole
711,carbazole
712,carbazole
713,carbazole
714,carbazole
715,carbazole
716,carbazole
717,Carbazole
718,Carbazole
719,carbazole
720,carbazole
721,carbazole
722,carbazole
723,Carbazole
724,Carbazole
725,Carbazole
726,Carbazole
727,Carbazole
728,Carbazole
729,Carbazole
730,Carbazole
731,Carbazole
732,carbazole
733,Carbazole
734,Carbazole
735,Carbazole
736,carbazole
737,carbazole
738,carbazole
739,carbazole
740,carbazole
741,carbazole
742,carbazole
743,carbazole
744,carbazole
745,carbazole
746,carbazole
747,carbazole
748,carbazole
749,carbazole
750,benzothiadiazole
751,"carbazole,bodipy"
752,"carbazole,bodipy"
753,"carbazole,bodipy"
754,"carbazole,bodipy"
755,Carbazole
756,Carbazole
757,Carbazole
758,carbazole
759,carbazole
760,carbazole
761,carbazole
762,carbazole
763,carbazole
764,carbazole
765,carbazole
766,carbazole
767,carbazole
768,carbazole
769,carbazole
770,carbazole
771,carbazole
772,carbazole
773,carbazole
774,carbazole
775,carbazole
776,carbazole
777,indolocarbazole
778,indolocarbazole
779,indolocarbazole
780,indolocarbazole
781,carbazole
782,triphenylamine
783,carbazole
784,carbazole
785,carbazole
786,carbazole
787,carbazole
788,"carbazole, triphenylamine"
789,"carbazole, triphenylamine"
790,"carbazole, triphenylamine"
791,"carbazole, triphenylamine"
792,carbazole
793,carbazole
794,carbazole
795,carbazole
796,carbazole
797,triphenylamine
798,triphenylamine
799,triphenylamine
800,triphenylamine
801,perylene
802,perylene
803,fluorene
804,carbazole
805,thienothiophene
806,thienothiophene
807,thienothiophene
808,thienothiophene
809,-
810,"cyanovinyl, thiophene"
811,-
812,triphenylamine
813,carbazole
814,carbazole
815,triphenylamine
816,triphenylamine
817,triphenylamine
818,isoindigo
819,carbazole
820,carbazole
821,carbazole
822,carbazole
823,carbazole
824,carbazole
825,carbazole
826,carbazole
827,carbazole
828,carbazole
829,Selenorhodamine
830,carbazole
831,carbazole
832,isoindigo
833,"carbazole,bodipy"
834,carbazole
835,carbazole
836,"carbazole,bodipy"
837,"carbazole,bodipy"
838,isoindigo
839,dithiafulvalene
840,dithiafulvalene
841,dithiafulvalene
842,dithiafulvalene
843,dithiafulvalene
844,dithiafulvalene
845,triphenylamine
846,carbazole
847,carbazole
848,carbazole
849,carbazole
850,carbazole
851,carbazole
852,carbazole
853,carbazole
854,carbazole
855,carbazole
856,carbazole
857,carbazole
858,carbazole
859,diethylamine
860,-
861,-
862,anthracene
863,anthracene
864,anthracene
865,iminodibenzyl
866,carbazole
867,carbazole
868,carbazole
869,carbazole
870,carbazole
871,carbazole
872,carbazole
873,carbazole
874,triphenylamine
875,isoindigo
876,isoindigo
877,iminostilbene
878,iminodibenzyl
879,iminostilbene
880,carbazole
881,carbazole
882,carbazole
883,carbazole
884,carbazole
885,carbazole
886,carbazole
887,carbazole
888,julolidine
889,julolidine
890,perylene
891,fluorene
892,isoindigo
893,isoindigo
894,tetracyanoethylene
895,carbazole
896,carbazole
897,carbazole
898,carbazole
899,carbazole
900,carbazole
901,"carbazole,bodipy, triphenylamine"
902,squarylium
903,triphenylamine
904,triphenylamine
905,triphenylamine
906,triphenylamine
907,Carbazole
908,Carbazole
909,Carbazole
910,Carbazole
911,Carbazole
912,Carbazole
913,Carbazole
914,iminostilbene
915,iminostilbene
916,iminostilbene
917,Pyrenoimidazole
918,Selenorhodamine
919,"cyanovinyl, thiophene"
920,benzimidazole
921,"cyanovinyl, thiophene"
922,pyranylidene
923,pyranylidene
924,pyranylidene
925,pyranylidene
926,pyranylidene
927,pyranylidene
928,pyranylidene
929,pyranylidene
930,pyranylidene
931,pyranylidene
932,triphenylamine
933,carbazole
934,"carbazole,bodipy, triphenylamine"
935,carbazole
936,iminostilbene
937,triphenylamine
938,carbazole
939,carbazole
940,carbazole
941,carbazole
942,carbazole
943,carbazole
944,carbazole
945,carbazole
946,carbazole
947,carbazole
948,carbazole
949,carbazole
950,triphenylamine
951,carbazole
952,carbazole
953,"thienylethynyl,dimethylaniline"
954,"thienylethynyl,dimethylaniline"
955,"Benzothiadiazole, pyridine"
956,"Benzothiadiazole, pyridine"
957,"Benzothiadiazole, pyridine"
958,"Benzothiadiazole, pyridine"
959,"Benzothiadiazole, pyridine"
960,"Benzothiadiazole, pyridine"
961,diethylamine
962,azobenzene
963,azobenzene
964,phenothiazine
965,azobenzene
966,triphenylamine
967,bisthiophene
968,bisthiophene
969,bisthiophene
970,bisthiophene
971,bisthiophene
972,bisthiophene
973,Tetrahydroquinoline
974,Tetrahydroquinoline
975,Tetrahydroquinoline
976,Tetrahydroquinoline
977,Tetrahydroquinoline
978,Tetrahydroquinoline
979,Tetrahydroquinoline
980,Tetrahydroquinoline
981,Tetrahydroquinoline
982,Tetrahydroquinoline
983,Selenorhodamine
984,Tetrahydroquinoline
985,Tetrahydroquinoline
986,Tetrahydroquinoline
987,Tetrahydroquinoline
988,Tetrahydroquinoline
989,Tetrahydroquinoline
990,Tetrahydroquinoline
991,Tetrahydroquinoline
992,Tetrahydroquinoline
993,Tetrahydroquinoline
994,Tetrahydroquinoline
995,Tetrahydroquinoline
996,triphenylamine
997,triphenylamine
998,Triphenylamine
999,iminostilbene
1000,iminostilbene
1001,iminostilbene
1002,benzodithiophene
1003,benzodithiophene
1004,indacenodithiophene
1005,indacenodithiophene
1006,indacenodithiophene
1007,Tetrahydroquinoline
1008,Tetrahydroquinoline
1009,Tetrahydroquinoline
1010,Tetrahydroquinoline
1011,Tetrahydroquinoline
1012,Tetrahydroquinoline
1013,iminostilbene
1014,iminostilbene
1015,iminostilbene
1016,iminostilbene
1017,iminostilbene
1018,julolidine
1019,julolidine
1020,diethylamine
1021,diethylamino
1022,phenothiazine
1023,triphenylamine
1024,oligothiophene
1025,oligothiophene
1026,fluorenone
1027,fluorenone
1028,fluorenone
1029,bithiazole
1030,bithiazole
1031,"bithiazole, carbazole"
1032,bithiazole
1033,benzimidazole
1034,benzimidazole
1035,benzimidazole
1036,benzimidazole
1037,julolidine
1038,julolidine
1039,tetracyanoethylene
1040,indoloquinoxaline
1041,imidazole
1042,imidazole
1043,imidazole
1044,imidazole
1045,imidazole
1046,imidazole
1047,truxene
1048,truxene
1049,imidazole
1050,imidazole
1051,triphenylamine
1052,diphenylamine
1053,triphenylamine
1054,triphenylamine
1055,triphenylamine
1056,triphenylamine
1057,triphenylamine
1058,triphenylamine
1059,Pyrenoimidazole
1060,Pyrenoimidazole
1061,perylene
1062,perylene
1063,perylene
1064,perylene
1065,Selenorhodamine
1066,Selenorhodamine
1067,triphenylamine
1068,Selenorhodamine
1069,triphenylamine
1070,triphenylamine
1071,triphenylamine
1072,triphenylamine
1073,triphenylamine
1074,triphenylamine
1075,triphenylamine
1076,triphenylamine
1077,triphenylamine
1078,triphenylamine
1079,triphenylamine
1080,triphenylamine
1081,triphenylamine
1082,triphenylamine
1083,triphenylamine
1084,triphenylamine
1085,imidazole
1086,imidazole
1087,imidazole
1088,imidazole
1089,benzothienothiophene
1090,benzothienothiophene
1091,bodipy
1092,bodipy
1093,dipyrromethene
1094,bodipy
1095,bodipy
1096,triphenylamine
1097,triphenylamine
1098,triphenylamine
1099,triphenylamine
1100,triphenylamine
1101,triphenylamine
1102,triphenylamine
1103,triphenylamine
1104,triphenylamine
1105,triphenylamine
1106,triphenylamine
1107,triphenylamine
1108,triphenylamine
1109,triphenylamine
1110,triphenylamine
1111,triphenylamine
1112,pyranylidene
1113,pyranylidene
1114,pyranylidene
1115,pyranylidene
1116,triphenylamine
1117,triphenylamine
1118,triphenylamine
1119,triphenylamine
1120,triphenylamine
1121,triphenylamine
1122,triphenylamine
1123,triphenylamine
1124,triphenylamine
1125,triphenylamine
1126,triphenylamine
1127,triphenylamine
1128,tetrathiafulvalene
1129,tetrathiafulvalene
1130,tetrathiafulvalene
1131,tetrathiafulvalene
1132,tetrathiafulvalene
1133,tetrathiafulvalene
1134,N-heterotriangulenes
1135,triphenylamine
1136,"N3, Ruthenium"
1137,N-heterotriangulenes
1138,N-heterotriangulenes
1139,N-heterotriangulenes
1140,Tetraphenylethene
1141,Tetraphenylethene
1142,triphenylamine
1143,triphenylamine
1144,triphenylamine
1145,triphenylamine
1146,triphenylamine
1147,triphenylamine
1148,triphenylamine
1149,triphenylamine
1150,triphenylamine
1151,triphenylamine
1152,triphenylamine
1153,triphenylamine
1154,triphenylamine
1155,triphenylamine
1156,triphenylamine
1157,triphenylamine
1158,triphenylamine
1159,triphenylamine
1160,triphenylamine
1161,triphenylamine
1162,triphenylamine
1163,"N719, Ruthenium"
1164,oligothiophene
1165,terthiophene
1166,terthiophene
1167,terthiophene
1168,terthiophene
1169,triphenylamine
1170,triphenylamine
1171,triphenylamine
1172,triphenylamine
1173,triphenylamine
1174,triphenylamine
1175,triphenylamine
1176,triphenylamine
1177,triphenylamine
1178,triphenylamine
1179,triphenylamine
1180,triphenylamine
1181,triphenylamine
1182,triphenylamine
1183,triphenylamine
1184,triphenylamine
1185,triphenylamine
1186,triphenylamine
1187,triphenylamine
1188,triphenylamine
1189,triphenylamine
1190,triphenylamine
1191,triphenylamine
1192,triphenylamine
1193,triphenylamine
1194,triphenylamine
1195,triphenylamine
1196,dithiafulvalene
1197,dithiafulvene
1198,dithiafulvene
1199,dithiafulvene
1200,dithiafulvene
1201,tetrathiafulvalene
1202,tetrathiafulvalene
1203,benzodifuran
1204,benzodifuran
1205,triphenylamine
1206,perylene
1207,azobenzene
1208,azobenzene
1209,azobenzene
1210,azobenzene
1211,azobenzene
1212,azobenzene
1213,acenaphthopyrazine
1214,acenaphthopyrazine
1215,triphenylamine
1216,triphenylamine
1217,triphenylamine
1218,triphenylamine
1219,triphenylamine
1220,triphenylamine
1221,triphenylamine
1222,triphenylamine
1223,triphenylamine
1224,triphenylamine
1225,Anthanthrene
1226,Anthanthrene
1227,Anthanthrene
1228,Anthanthrene
1229,pyranylidene
1230,pyranylidene
1231,pyranylidene
1232,triphenylamine
1233,oligothiophene
1234,oligothiophene
1235,perylene
1236,anthracene
1237,anthracene
1238,anthracene
1239,iminodibenzyl
1240,perylene
1241,triphenylamine
1242,triphenylamine
1243,triphenylamine
1244,triphenylamine
1245,triphenylamine
1246,triphenylamine
1247,triphenylamine
1248,triphenylamine
1249,triphenylamine
1250,triphenylamine
1251,triphenylamine
1252,triphenylamine
1253,triphenylamine
1254,triphenylamine
1255,triphenylamine
1256,squarylium
1257,triphenylamine
1258,triphenylamine
1259,acenaphthopyrazine
1260,acenaphthopyrazine
1261,acenaphthopyrazine
1262,acenaphthopyrazine
1263,triphenylamine
1264,triphenylamine
1265,triphenylamine
1266,triphenylamine
1267,triphenylamine
1268,triphenylamine
1269,triphenylamine
1270,triphenylamine
1271,triphenylamine
1272,triphenylamine
1273,triphenylamine
1274,triphenylamine
1275,triphenylamine
1276,triphenylamine
1277,triphenylamine
1278,triphenylamine
1279,triphenylamine
1280,triphenylamine
1281,triphenylamine
1282,triphenylamine
1283,triphenylamine
1284,triphenylamine
1285,triphenylamine
1286,triphenylamine
1287,triphenylamine
1288,triphenylamine
1289,triphenylamine
1290,triphenylamine
1291,triphenylamine
1292,triphenylamine
1293,triphenylamine
1294,triphenylamine
1295,triphenylamine
1296,triphenylamine
1297,triphenylamine
1298,triphenylamine
1299,triphenylamine
1300,triphenylamine
1301,triphenylamine
1302,triphenylamine
1303,triphenylamine
1304,triphenylamine
1305,triphenylamine
1306,triphenylamine
1307,triphenylamine
1308,triphenylamine
1309,triphenylamine
1310,triphenylamine
1311,triphenylamine
1312,triphenylamine
1313,triphenylamine
1314,triphenylamine
1315,triphenylamine
1316,triphenylamine
1317,triphenylamine
1318,triphenylamine
1319,triphenylamine
1320,triphenylamine
1321,triphenylamine
1322,triphenylamine
1323,triphenylamine
1324,triphenylamine
1325,triphenylamine
1326,triphenylamine
1327,triphenylamine
1328,triphenylamine
1329,triphenylamine
1330,triphenylamine
1331,triphenylamine
1332,triphenylamine
1333,triphenylamine
1334,triphenylamine
1335,triphenylamine
1336,triphenylamine
1337,triphenylamine
1338,triphenylamine
1339,triphenylamine
1340,triphenylamine
1341,triphenylamine
1342,triphenylamine
1343,triphenylamine
1344,triphenylamine
1345,triphenylamine
1346,triphenylamine
1347,triphenylamine
1348,triphenylamine
1349,triphenylamine
1350,triphenylamine
1351,triphenylamine
1352,triphenylamine
1353,triphenylamine
1354,triphenylamine
1355,triphenylamine
1356,triphenylamine
1357,triphenylamine
1358,triphenylamine
1359,triphenylamine
1360,triphenylamine
1361,triphenylamine
1362,triphenylamine
1363,triphenylamine
1364,triphenylamine
1365,triphenylamine
1366,triphenylamine
1367,triphenylamine
1368,triphenylamine
1369,triphenylamine
1370,triphenylamine
1371,triphenylamine
1372,triphenylamine
1373,triphenylamine
1374,triphenylamine
1375,triphenylamine
1376,triphenylamine
1377,triphenylamine
1378,triphenylamine
1379,triphenylamine
1380,triphenylamine
1381,triphenylamine
1382,triphenylamine
1383,triphenylamine
1384,triphenylamine
1385,triphenylamine
1386,triphenylamine
1387,triphenylamine
1388,triphenylamine
1389,triphenylamine
1390,triphenylamine
1391,triphenylamine
1392,triphenylamine
1393,triphenylamine
1394,triphenylamine
1395,triphenylamine
1396,triphenylamine
1397,triphenylamine
1398,triphenylamine
1399,triphenylamine
1400,triphenylamine
1401,triphenylamine
1402,triphenylamine
1403,triphenylamine
1404,triphenylamine
1405,triphenylamine
1406,triphenylamine
1407,triphenylamine
1408,triphenylamine
1409,triphenylamine
1410,triphenylamine
1411,triphenylamine
1412,triphenylamine
1413,triphenylamine
1414,triphenylamine
1415,triphenylamine
1416,triphenylamine
1417,triphenylamine
1418,triphenylamine
1419,triphenylamine
1420,triphenylamine
1421,triphenylamine
1422,triphenylamine
1423,triphenylamine
1424,triphenylamine
1425,triphenylamine
1426,triphenylamine
1427,triphenylamine
1428,triphenylamine
1429,triphenylamine
1430,triphenylamine
1431,triphenylamine
1432,triphenylamine
1433,triphenylamine
1434,triphenylamine
1435,triphenylamine
1436,triphenylamine
1437,triphenylamine
1438,triphenylamine
1439,triphenylamine
1440,triphenylamine
1441,triphenylamine
1442,triphenylamine
1443,triphenylamine
1444,triphenylamine
1445,triphenylamine
1446,diphenylamine
1447,diphenylamine
1448,diphenylamine
1449,triphenylamine
1450,diphenylamine
1451,triphenylamine
1452,triphenylamine
1453,triphenylamine
1454,triphenylamine
1455,triphenylamine
1456,triphenylamine
1457,triphenylamine
1458,triphenylamine
1459,triphenylamine
1460,triphenylamine
1461,triphenylamine
1462,triphenylamine
1463,triphenylamine
1464,triphenylamine
1465,triphenylamine
1466,triphenylamine
1467,triphenylamine
1468,triphenylamine
1469,triphenylamine
1470,triphenylamine
1471,triphenylamine
1472,triphenylamine
1473,triphenylamine
1474,triphenylamine
1475,triphenylamine
1476,triphenylamine
1477,triphenylamine
1478,triphenylamine
1479,triphenylamine
1480,triphenylamine
1481,triphenylamine
1482,triphenylamine
1483,triphenylamine
1484,triphenylamine
1485,triphenylamine
1486,triphenylamine
1487,triphenylamine
1488,triphenylamine
1489,triphenylamine
1490,triphenylamine
1491,triphenylamine
1492,Triphenylamine
1493,Triphenylamine
1494,Triphenylamine
1495,Triphenylamine
1496,Triphenylamine
1497,Triphenylamine
1498,Triphenylamine
1499,Triphenylamine
1500,Triphenylamine
1501,Triphenylamine
1502,Triphenylamine
1503,Triphenylamine
1504,Triphenylamine
1505,Triphenylamine
1506,triphenylamine
1507,Triphenylamine
1508,triphenylamine
1509,triphenylamine
1510,triphenylamine
1511,triphenylamine
1512,triphenylamine
1513,triphenylamine
1514,triphenylamine
1515,triphenylamine
1516,triphenylamine
1517,triphenylamine
1518,diphenylamine
1519,diphenylamine
1520,diphenylamine
1521,triphenylamine
1522,triphenylamine
1523,triphenylamine
1524,triphenylamine
1525,triphenylamine
1526,triphenylamine
1527,triphenylamine
1528,triphenylamine
1529,triphenylamine
1530,triphenylamine
1531,triphenylamine
1532,triphenylamine
1533,porphyrin
1534,triphenylamine
1535,triphenylamine
1536,triphenylamine
1537,triphenylamine
1538,triphenylamine
1539,triphenylamine
1540,triphenylamine
1541,triphenylamine
1542,triphenylamine
1543,triphenylamine
1544,triphenylamine
1545,triphenylamine
1546,triphenylamine
1547,triphenylamine
1548,Triphenylamine
1549,Triphenylamine
1550,Triphenylamine
1551,Triphenylamine
1552,Triphenylamine
1553,Triphenylamine
1554,Triphenylamine
1555,Triphenylamine
1556,triphenylamine
1557,triphenylamine
1558,triphenylamine
1559,triphenylamine
1560,triphenylamine
1561,triphenylamine
1562,triphenylamine
1563,triphenylamine
1564,triphenylamine
1565,triphenylamine
1566,triphenylamine
1567,triphenylamine
1568,triphenylamine
1569,triphenylamine
1570,triphenylamine
1571,triphenylamine
1572,triphenylamine
1573,triphenylamine
1574,triphenylamine
1575,triphenylamine
1576,triphenylamine
1577,triphenylamine
1578,triphenylamine
1579,triphenylamine
1580,triphenylamine
1581,triphenylamine
1582,triphenylamine
1583,triphenylamine
1584,triphenylamine
1585,triphenylamine
1586,triphenylamine
1587,triphenylamine
1588,triphenylamine
1589,"N719, Ruthenium"
1590,triphenylamine
1591,triphenylamine
1592,triphenylamine
1593,triphenylamine
1594,triphenylamine
1595,triphenylamine
1596,triphenylamine
1597,triphenylamine
1598,triphenylamine
1599,triphenylamine
1600,triphenylamine
1601,triphenylamine
1602,triphenylamine
1603,triphenylamine
1604,triphenylamine
1605,triphenylamine
1606,triphenylamine
1607,triphenylamine
1608,triphenylamine
1609,triphenylamine
1610,triphenylamine
1611,triphenylamine
1612,triphenylamine
1613,triphenylamine
1614,triphenylamine
1615,triphenylamine
1616,triphenylamine
1617,triphenylamine
1618,triphenylamine
1619,triphenylamine
1620,triphenylamine
1621,triphenylamine
1622,triphenylamine
1623,triphenylamine
1624,triphenylamine
1625,triphenylamine
1626,triphenylamine
1627,triphenylamine
1628,triphenylamine
1629,triphenylamine
1630,triphenylamine
1631,triphenylamine
1632,triphenylamine
1633,triphenylamine
1634,triphenylamine
1635,triphenylamine
1636,triphenylamine
1637,triphenylamine
1638,triphenylamine
1639,triphenylamine
1640,triphenylamine
1641,triphenylamine
1642,triphenylamine
1643,triphenylamine
1644,triphenylamine
1645,triphenylamine
1646,triphenylamine
1647,triphenylamine
1648,triphenylamine
1649,triphenylamine
1650,triphenylamine
1651,triphenylamine
1652,triphenylamine
1653,triphenylamine
1654,triphenylamine
1655,triphenylamine
1656,triphenylamine
1657,triphenylamine
1658,triphenylamine
1659,triphenylamine
1660,triphenylamine
1661,triphenylamine
1662,triphenylamine
1663,triphenylamine
1664,triphenylamine
1665,triphenylamine
1666,triphenylamine
1667,triphenylamine
1668,triphenylamine
1669,triphenylamine
1670,triphenylamine
1671,triphenylamine
1672,triphenylamine
1673,triphenylamine
1674,triphenylamine
1675,triphenylamine
1676,triphenylamine
1677,triphenylamine
1678,triphenylamine
1679,triphenylamine
1680,triphenylamine
1681,diphenylamine
1682,triphenylamine
1683,triphenylamine
1684,triphenylamine
1685,triphenylamine
1686,triphenylamine
1687,triphenylamine
1688,triphenylamine
1689,Triphenylamine
1690,Triphenylamine
1691,Carbazole
1692,Triphenylamine
1693,Triphenylamine
1694,Triphenylamine
1695,Triphenylamine
1696,Triphenylamine
1697,Triphenylamine
1698,Triphenylamine
1699,Triphenylamine
1700,Triphenylamine
1701,Triphenylamine
1702,Triphenylamine
1703,triphenylamine
1704,triphenylamine
1705,triphenylamine
1706,triphenylamine
1707,triphenylamine
1708,triphenylamine
1709,triphenylamine
1710,triphenylamine
1711,triphenylamine
1712,triphenylamine
1713,triphenylamine
1714,triphenylamine
1715,triphenylamine
1716,triphenylamine
1717,triphenylamine
1718,triphenylamine
1719,triphenylamine
1720,triphenylamine
1721,triphenylamine
1722,triphenylamine
1723,triphenylamine
1724,triphenylamine
1725,triphenylamine
1726,triphenylamine
1727,triphenylamine
1728,triphenylamine
1729,triphenylamine
1730,Triphenylamine
1731,Triphenylamine
1732,triphenylamine
1733,triphenylamine
1734,Triphenylamine
1735,Triphenylamine
1736,Triphenylamine
1737,triphenylamine
1738,Triphenylamine
1739,Triphenylamine
1740,Triphenylamine
1741,Triphenylamine
1742,Triphenylamine
1743,Triphenylamine
1744,Triphenylamine
1745,Triphenylamine
1746,Triphenylamine
1747,Triphenylamine
1748,Triphenylamine
1749,Triphenylamine
1750,Triphenylamine
1751,triphenylamine
1752,triphenylamine
1753,triphenylamine
1754,triphenylamine
1755,triphenylamine
1756,triphenylamine
1757,triphenylamine
1758,triphenylamine
1759,triphenylamine
1760,triphenylamine
1761,triphenylamine
1762,triphenylamine
1763,triphenylamine
1764,triphenylamine
1765,triphenylamine
1766,triphenylamine
1767,triphenylamine
1768,triphenylamine
1769,triphenylamine
1770,triphenylamine
1771,triphenylamine
1772,triphenylamine
1773,triphenylamine
1774,triphenylamine
1775,triphenylamine
1776,triphenylamine
1777,triphenylamine
1778,triphenylamine
1779,triphenylamine
1780,triphenylamine
1781,triphenylamine
1782,triphenylamine
1783,triphenylamine
1784,triphenylamine
1785,triphenylamine
1786,triphenylamine
1787,triphenylamine
1788,triphenylamine
1789,triphenylamine
1790,Triphenylamine
1791,Triphenylamine
1792,Triphenylamine
1793,diphenylamine
1794,Triphenylamine
1795,Triphenylamine
1796,Triphenylamine
1797,Triphenylamine
1798,Triphenylamine
1799,Triphenylamine
1800,Triphenylamine
1801,Triphenylamine
1802,Triphenylamine
1803,Triphenylamine
1804,Triphenylamine
1805,Triphenylamine
1806,Triphenylamine
1807,triphenylamine
1808,triphenylamine
1809,triphenylamine
1810,triphenylamine
1811,triphenylamine
1812,triphenylamine
1813,triphenylamine
1814,triphenylamine
1815,triphenylamine
1816,triphenylamine
1817,triphenylamine
1818,triphenylamine
1819,triphenylamine
1820,triphenylamine
1821,triphenylamine
1822,triphenylamine
1823,triphenylamine
1824,triphenylamine
1825,triphenylamine
1826,triphenylamine
1827,triphenylamine
1828,triphenylamine
1829,triphenylamine
1830,triphenylamine
1831,triphenylamine
1832,triphenylamine
1833,triphenylamine
1834,triphenylamine
1835,triphenylamine
1836,triphenylamine
1837,triphenylamine
1838,triphenylamine
1839,triphenylamine
1840,triphenylamine
1841,triphenylamine
1842,triphenylamine
1843,triphenylamine
1844,triphenylamine
1845,triphenylamine
1846,triphenylamine
1847,triphenylamine
1848,triphenylamine
1849,triphenylamine
1850,triphenylamine
1851,triphenylamine
1852,triphenylamine
1853,triphenylamine
1854,triphenylamine
1855,triphenylamine
1856,triphenylamine
1857,triphenylamine
1858,triphenylamine
1859,triphenylamine
1860,triphenylamine
1861,Triphenylamine
1862,triphenylamine
1863,triphenylamine
1864,triphenylamine
1865,triphenylamine
1866,triphenylamine
1867,triphenylamine
1868,triphenylamine
1869,triphenylamine
1870,triphenylamine
1871,diphenylamine
1872,diphenylamine
1873,diphenylamine
1874,diphenylamine
1875,triphenylamine
1876,Triphenylamine
1877,diphenylamine
1878,diphenylamine
1879,diphenylamine
1880,diphenylamine
1881,diphenylamine
1882,diphenylamine
1883,triphenylamine
1884,indoline
1885,triphenylamine
1886,triphenylamine
1887,triphenylamine
1888,triphenylamine
1889,triphenylamine
1890,triphenylamine
1891,triphenylamine
1892,triphenylamine
1893,triphenylamine
1894,triphenylamine
1895,triphenylamine
1896,triphenylamine
1897,triphenylamine
1898,triphenylamine
1899,triphenylamine
1900,triphenylamine
1901,triphenylamine
1902,triphenylamine
1903,triphenylamine
1904,triphenylamine
1905,triphenylamine
1906,triphenylamine
1907,triphenylamine
1908,triphenylamine
1909,triphenylamine
1910,indoline
1911,triphenylamine
1912,triphenylamine
1913,triphenylamine
1914,triphenylamine
1915,triphenylamine
1916,diphenylamine
1917,triphenylamine
1918,triphenylamine
1919,triphenylamine
1920,triphenylamine
1921,triphenylamine
1922,triphenylamine
1923,triphenylamine
1924,triphenylamine
1925,triphenylamine
1926,triphenylamine
1927,triphenylamine
1928,triphenylamine
1929,triphenylamine
1930,triphenylamine
1931,triphenylamine
1932,triphenylamine
1933,triphenylamine
1934,triphenylamine
1935,"triphenylamine, indole"
1936,Triphenylamine
1937,"triphenylamine, indole"
1938,"triphenylamine, indole"
1939,indoline
1940,triphenylamine
1941,triphenylamine
1942,triphenylamine
1943,triphenylamine
1944,triphenylamine
1945,triphenylamine
1946,triphenylamine
1947,triphenylamine
1948,triphenylamine
1949,triphenylamine
1950,triphenylamine
1951,triphenylamine
1952,triphenylamine
1953,triphenylamine
1954,triphenylamine
1955,triphenylamine
1956,triphenylamine
1957,triphenylamine
1958,triphenylamine
1959,triphenylamine
1960,triphenylamine
1961,triphenylamine
1962,triphenylamine
1963,triphenylamine
1964,triphenylamine
1965,triphenylamine
1966,indoline
1967,triphenylamine
1968,triphenylamine
1969,triphenylamine
1970,triphenylamine
1971,"triphenylamine,carbazole"
1972,"triphenylamine,carbazole"
1973,"triphenylamine,carbazole"
1974,"triphenylamine,carbazole"
1975,triphenylamine
1976,triphenylamine
1977,triphenylamine
1978,"hydrazone,diphenylamine"
1979,"hydrazone,diphenylamine"
1980,"hydrazone,diphenylamine"
1981,"hydrazone,diphenylamine"
1982,triphenylamine
1983,triphenylamine
1984,triphenylamine
1985,triphenylamine
1986,triphenylamine
1987,triphenylamine
1988,triphenylamine
1989,triphenylamine
1990,triphenylamine
1991,triphenylamine
1992,triphenylamine
1993,indoline
1994,indoline
1995,triphenylamine
1996,triphenylamine
1997,triphenylamine
1998,triphenylamine
1999,triphenylamine
2000,triphenylamine
2001,triphenylamine
2002,triphenylamine
2003,triphenylamine
2004,triphenylamine
2005,triphenylamine
2006,triphenylamine
2007,triphenylamine
2008,triphenylamine
2009,triphenylamine
2010,triphenylamine
2011,triphenylamine
2012,triphenylamine
2013,triphenylamine
2014,triphenylamine
2015,triphenylamine
2016,triphenylamine
2017,triphenylamine
2018,indoline
2019,triphenylamine
2020,triphenylamine
2021,triphenylamine
2022,triphenylamine
2023,triphenylamine
2024,triphenylamine
2025,triphenylamine
2026,triphenylamine
2027,triphenylamine
2028,triphenylamine
2029,triphenylamine
2030,triphenylamine
2031,Triphenylamine
2032,triphenylamine
2033,triphenylamine
2034,triphenylamine
2035,triphenylamine
2036,triphenylamine
2037,triphenylamine
2038,triphenylamine
2039,triphenylamine
2040,triphenylamine
2041,triphenylamine
2042,triphenylamine
2043,triphenylamine
2044,triphenylamine
2045,"Triphenylamine,carbazole"
2046,"Triphenylamine,carbazole"
2047,triphenylamine
2048,triphenylamine
2049,triphenylamine
2050,triphenylamine
2051,Triphenylamine
2052,triphenylamine
2053,triphenylamine
2054,triphenylamine
2055,Triphenylamine
2056,triphenylamine
2057,triphenylamine
2058,diphenylamine
2059,diphenylamine
2060,diphenylamine
2061,triphenylamine
2062,triphenylamine
2063,triphenylamine
2064,triphenylamine
2065,triphenylamine
2066,triphenylamine
2067,triphenylamine
2068,triphenylamine
2069,triphenylamine
2070,triphenylamine
2071,triphenylamine
2072,"Triphenylamine,carbazole"
2073,Triphenylamine
2074,triphenylamine
2075,triphenylamine
2076,triphenylamine
2077,triphenylamine
2078,triphenylamine
2079,triphenylamine
2080,triphenylamine
2081,triphenylamine
2082,triphenylamine
2083,triphenylamine
2084,triphenylamine
2085,triphenylamine
2086,triphenylamine
2087,triphenylamine
2088,triphenylamine
2089,triphenylamine
2090,triphenylamine
2091,triphenylamine
2092,triphenylamine
2093,triphenylamine
2094,triphenylamine
2095,triphenylamine
2096,triphenylamine
2097,triphenylamine
2098,triphenylamine
2099,triphenylamine
2100,triphenylamine
2101,triphenylamine
2102,triphenylamine
2103,triphenylamine
2104,diphenylthienylamine
2105,triphenylamine
2106,diphenylamine
2107,triphenylamine
2108,triphenylamine
2109,triphenylamine
2110,triphenylamine
2111,diphenylthienylamine
2112,triphenylamine
2113,triphenylamine
2114,triphenylamine
2115,triphenylamine
2116,triphenylamine
2117,triphenylamine
2118,"diphenylamine, anthracene"
2119,"diphenylamine, anthracene"
2120,triphenylamine
2121,triphenylamine
2122,triphenylamine
2123,triphenylamine
2124,triphenylamine
2125,triphenylamine
2126,triphenylamine
2127,triphenylamine
2128,"triphenylamine, coumarin"
2129,"triphenylamine, coumarin"
2130,"triphenylamine, coumarin"
2131,triphenylamine
2132,triphenylamine
2133,triphenylamine
2134,triphenylamine
2135,triphenylamine
2136,triphenylamine
2137,triphenylamine
2138,triphenylamine
2139,triphenylamine
2140,triphenylamine
2141,indoline
2142,triphenylamine
2143,triphenylamine
2144,triphenylamine
2145,triphenylamine
2146,triphenylamine
2147,triphenylamine
2148,triphenylamine
2149,triphenylamine
2150,"triphenylamine,cyanine"
2151,indoline
2152,indoline
2153,triphenylamine
2154,triphenylamine
2155,triphenylamine
2156,triphenylamine
2157,"tetracyanoethylene,triphenylamine"
2158,"tetracyanoethylene,triphenylamine"
2159,triphenylamine
2160,triphenylamine
2161,triphenylamine
2162,triphenylamine
2163,triphenylamine
2164,triphenylamine
2165,triphenylamine
2166,triphenylamine
2167,triphenylamine
2168,triphenylamine
2169,triphenylamine
2170,triphenylamine
2171,triphenylamine
2172,triphenylamine
2173,triphenylamine
2174,triphenylamine
2175,triphenylamine
2176,triphenylamine
2177,triphenylamine
2178,"triphenylamine,bodipy"
2179,triphenylamine
2180,triphenylamine
2181,triphenylamine
2182,triphenylamine
2183,triphenylamine
2184,triphenylamine
2185,triphenylamine
2186,triphenylamine
2187,triphenylamine
2188,triphenylamine
2189,triphenylamine
2190,"triphenylamine,truxene"
2191,"triphenylamine,truxene"
2192,"triphenylamine,truxene"
2193,triphenylamine
2194,"imidazole, triphenylamine"
2195,"imidazole, triphenylamine"
2196,"imidazole, triphenylamine"
2197,"imidazole, triphenylamine"
2198,triphenylamine
2199,triphenylamine
2200,triphenylamine
2201,triphenylamine
2202,triphenylamine
2203,triphenylamine
2204,triphenylamine
2205,triphenylamine
2206,triphenylamine
2207,triphenylamine
2208,triphenylamine
2209,triphenylamine
2210,triphenylamine
2211,triphenylamine
2212,triphenylamine
2213,triphenylamine
2214,triphenylamine
2215,triphenylamine
2216,triphenylamine
2217,triphenylamine
2218,triphenylamine
2219,triphenylamine
2220,triphenylamine
2221,triphenylamine
2222,triphenylamine
2223,triphenylamine
2224,triphenylamine
2225,triphenylamine
2226,triphenylamine
2227,triphenylamine
2228,"fluorene, triphenylamine"
2229,"truxene,triphenylamine"
2230,Triphenylamine
2231,Triphenylamine
2232,"fluorene,triphenylamine"
2233,"fluorene,triphenylamine"
2234,"fluorene,triphenylamine"
2235,"fluorene,triphenylamine"
2236,"fluorene,triphenylamine"
2237,"fluorene,triphenylamine"
2238,triphenylamine
2239,triphenylamine
2240,triphenylamine
2241,diphenylamine
2242,triphenylamine
2243,triphenylamine
2244,triphenylamine
2245,triphenylamine
2246,triphenylamine
2247,fluorene
2248,triphenylamine
2249,triphenylamine
2250,triphenylamine
2251,triphenylamine
2252,triphenylamine
2253,triphenylamine
2254,triphenylamine
2255,triphenylamine
2256,triphenylamine
2257,triphenylamine
2258,triphenylamine
2259,"triphenylamine,carbazole"
2260,"thienothiophene, ethylenedioxythiophene,triphenylamine"
2261,"thienothiophene, ethylenedioxythiophene,triphenylamine"
2262,"bithiazole, triphenylamine"
2263,"fluorenone, triphenylamine"
2264,"triphenylamine,carbazole"
2265,diphenylamine
2266,diphenylamine
2267,diphenylamine
2268,diphenylamine
2269,triphenylamine
2270,triphenylamine
2271,triphenylamine
2272,triphenylamine
2273,triphenylamine
2274,diphenylamine
2275,diphenylamine
2276,triphenylamine
2277,diphenylamine
2278,diphenylamine
2279,triphenylamine
2280,diphenylamine
2281,triphenylamine
2282,triphenylamine
2283,triphenylamine
2284,triphenylamine
2285,triphenylamine
2286,triphenylamine
2287,triphenylamine
2288,triphenylamine
2289,triphenylamine
2290,triphenylamine
2291,"triphenylamine,carbazole"
2292,diphenylamine
2293,diphenylamine
2294,triphenylamine
2295,triphenylamine
2296,"triphenylamine,carbazole"
2297,indoline
2298,indoline
2299,indoline
2300,indoline
2301,indoline
2302,indoline
2303,indoline
2304,indoline
2305,indoline
2306,indoline
2307,indoline
2308,indoline
2309,indoline
2310,indoline
2311,indoline
2312,triphenylamine
2313,indoline
2314,indoline
2315,indoline
2316,triphenylamine
2317,"indoline, cyanine"
2318,triphenylamine
2319,triphenylamine
2320,triphenylamine
2321,triphenylamine
2322,"triphenylamine,carbazole"
2323,"triphenylamine,carbazole"
2324,"triphenylamine,carbazole"
2325,"triphenylamine,carbazole"
2326,triphenylamine
2327,triphenylamine
2328,triphenylamine
2329,triphenylamine
2330,triphenylamine
2331,triphenylamine
2332,triphenylamine
2333,triphenylamine
2334,triphenylamine
2335,triphenylamine
2336,triphenylamine
2337,"triphenylamine, carbazole"
2338,"triphenylamine, carbazole"
2339,"triphenylamine, carbazole"
2340,"triphenylamine, carbazole"
2341,"triphenylamine,bodipy"
2342,"triphenylamine,bodipy"
2343,"triphenylamine,bodipy"
2344,triphenylamine
2345,triphenylamine
2346,triphenylamine
2347,triphenylamine
2348,triphenylamine
2349,triphenylamine
2350,triphenylamine
2351,triphenylamine
2352,triphenylamine
2353,triphenylamine
2354,triphenylamine
2355,triphenylamine
2356,triphenylamine
2357,triphenylamine
2358,triphenylamine
2359,triphenylamine
2360,triphenylamine
2361,triphenylamine
2362,triphenylamine
2363,triphenylamine
2364,triphenylamine
2365,triphenylamine
2366,triphenylamine
2367,triphenylamine
2368,triphenylamine
2369,triphenylamine
2370,triphenylamine
2371,triphenylamine
2372,triphenylamine
2373,triphenylamine
2374,triphenylamine
2375,triphenylamine
2376,triphenylamine
2377,triphenylamine
2378,triphenylamine
2379,triphenylamine
2380,Triphenylamine
2381,Triphenylamine
2382,Triphenylamine
2383,Triphenylamine
2384,Triphenylamine
2385,Triphenylamine
2386,Triphenylamine
2387,Triphenylamine
2388,Triphenylamine
2389,triphenylamine
2390,triphenylamine
2391,triphenylamine
2392,triphenylamine
2393,triphenylamine
2394,triphenylamine
2395,triphenylamine
2396,triphenylamine
2397,triphenylamine
2398,triphenylamine
2399,triphenylamine
2400,triphenylamine
2401,triphenylamine
2402,triphenylamine
2403,triphenylamine
2404,triphenylamine
2405,triphenylamine
2406,triphenylamine
2407,triphenylamine
2408,triphenylamine
2409,triphenylamine
2410,triphenylamine
2411,triphenylamine
2412,triphenylamine
2413,triphenylamine
2414,triphenylamine
2415,triphenylamine
2416,triphenylamine
2417,triphenylamine
2418,Triphenylamine
2419,Triphenylamine
2420,Triphenylamine
2421,Triphenylamine
2422,Triphenylamine
2423,Triphenylamine
2424,Triphenylamine
2425,Triphenylamine
2426,Triphenylamine
2427,Triphenylamine
2428,Triphenylamine
2429,Triphenylamine
2430,triphenylamine
2431,Triphenylamine
2432,Triphenylamine
2433,Triphenylamine
2434,Triphenylamine
2435,Triphenylamine
2436,Triphenylamine
2437,Triphenylamine
2438,Triphenylamine
2439,Triphenylamine
2440,Triphenylamine
2441,Triphenylamine
2442,Triphenylamine
2443,triphenylamine
2444,triphenylamine
2445,triphenylamine
2446,triphenylamine
2447,triphenylamine
2448,triphenylamine
2449,triphenylamine
2450,triphenylamine
2451,Triphenylamine
2452,Triphenylamine
2453,Triphenylamine
2454,Triphenylamine
2455,Triphenylamine
2456,Triphenylamine
2457,Triphenylamine
2458,triphenylamine
2459,triphenylamine
2460,-
2461,Triphenylamine
2462,Triphenylamine
2463,Triphenylamine
2464,Triphenylamine
2465,Triphenylamine
2466,Triphenylamine
2467,Triphenylamine
2468,Triphenylamine
2469,Triphenylamine
2470,Triphenylamine
2471,Triphenylamine
2472,Triphenylamine
2473,triphenylamine
2474,triphenylamine
2475,triphenylamine
2476,Triphenylamine
2477,Triphenylamine
2478,Triphenylamine
2479,Triphenylamine
2480,Triphenylamine
2481,Triphenylamine
2482,Triphenylamine
2483,Triphenylamine
2484,Triphenylamine
2485,Triphenylamine
2486,diphenylamine
2487,diphenylamine
2488,diphenylamine
2489,diphenylamine
2490,triphenylamine
2491,Triphenylamine
2492,Triphenylamine
2493,Triphenylamine
2494,Triphenylamine
2495,Triphenylamine
2496,indoline
2497,triphenylamine
2498,triphenylamine
2499,triphenylamine
2500,triphenylamine
2501,triphenylamine
2502,triphenylamine
2503,triphenylamine
2504,triphenylamine
2505,Triphenylamine
2506,triphenylamine
2507,triphenylamine
2508,indole
2509,indoline
2510,indoline
2511,indoline
2512,indoline
2513,indoline
2514,indoline
2515,indoline
2516,indoline
2517,indoline
2518,indoline
2519,indoline
2520,indoline
2521,indoline
2522,indoline
2523,Triphenylamine
2524,Triphenylamine
2525,Triphenylamine
2526,Triphenylamine
2527,Triphenylamine
2528,Triphenylamine
2529,Triphenylamine
2530,triphenylamine
2531,triphenylamine
2532,triphenylamine
2533,triphenylamine
2534,triphenylamine
2535,triphenylamine
2536,triphenylamine
2537,indoline
2538,indoline
2539,indoline
2540,indoline
2541,indoline
2542,indoline
2543,indoline
2544,indoline
2545,indoline
2546,indoline
2547,indoline
2548,"indoline,triphenylamine"
2549,"indoline,triphenylamine"
2550,"indoline, cyanine"
2551,"indoline, cyanine, triphenylamine"
2552,Triphenylamine
2553,Triphenylamine
2554,Triphenylamine
2555,Triphenylamine
2556,Triphenylamine
2557,Triphenylamine
2558,Triphenylamine
2559,Triphenylamine
2560,Triphenylamine
2561,Triphenylamine
2562,Triphenylamine
2563,Triphenylamine
2564,Triphenylamine
2565,Triphenylamine
2566,Triphenylamine
2567,Triphenylamine
2568,Triphenylamine
2569,Triphenylamine
2570,Triphenylamine
2571,Triphenylamine
2572,Triphenylamine
2573,"Triphenylamine,phenothiazine"
2574,Triphenylamine
2575,Triphenylamine
2576,Triphenylamine
2577,Triphenylamine
2578,Triphenylamine
2579,Triphenylamine
2580,Triphenylamine
2581,Triphenylamine
2582,"indoline, cyanine, triphenylamine"
2583,indoline
2584,indoline
2585,indoline
2586,"triangulene,cyanine"
2587,indoline
2588,porphyrin
2589,indolzine
2590,indolzine
2591,indolzine
2592,indolzine
2593,indolzine
2594,indolzine
2595,indolzine
2596,indolzine
2597,indole
2598,indolzine
2599,indoline
2600,indoline
2601,indoline
2602,indoline
2603,indoline
2604,indoline
2605,triphenylamine
2606,triphenylamine
2607,triphenylamine
2608,triphenylamine
2609,triphenylamine
2610,triphenylamine
2611,triphenylamine
2612,triphenylamine
2613,triphenylamine
2614,triphenylamine
2615,"triangulene,cyanine"
2616,triphenylamine
2617,triphenylamine
2618,Triphenylamine
2619,Triphenylamine
2620,Triphenylamine
2621,Triphenylamine
2622,triphenylamine
2623,Triphenylamine
2624,Triphenylamine
2625,Triphenylamine
2626,Triphenylamine
2627,Triphenylamine
2628,Triphenylamine
2629,Triphenylamine
2630,Triphenylamine
2631,Triphenylamine
2632,Triphenylamine
2633,triphenylamine
2634,Triphenylamine
2635,Triphenylamine
2636,triphenylamine
2637,Triphenylamine
2638,Triphenylamine
2639,Triphenylamine
2640,Triphenylamine
2641,Triphenylamine
2642,Triphenylamine
2643,Triphenylamine
2644,"Triphenylamine, carbazole"
2645,"Triphenylamine, carbazole"
2646,"Triphenylamine, carbazole"
2647,"Triphenylamine, carbazole"
2648,"Triphenylamine, carbazole"
2649,"Triphenylamine, carbazole"
2650,"Triphenylamine, carbazole"
2651,"Triphenylamine, carbazole"
2652,Triphenylamine
2653,Triphenylamine
2654,Triphenylamine
2655,Triphenylamine
2656,Triphenylamine
2657,Triphenylamine
2658,Triphenylamine
2659,Triphenylamine
2660,Triphenylamine
2661,Triphenylamine
2662,triphenylamine
2663,Triphenylamine
2664,Triphenylamine
2665,Triphenylamine
2666,Triphenylamine
2667,Triphenylamine
2668,Triphenylamine
2669,Triphenylamine
2670,bodipy
2671,"Triphenylamine,bodipy"
2672,"Triphenylamine,bodipy"
2673,"Triphenylamine,bodipy"
2674,"Triphenylamine,bodipy"
2675,triphenylamine
2676,Triphenylamine
2677,Triphenylamine
2678,Triphenylamine
2679,Triphenylamine
2680,triphenylamine
2681,triphenylamine
2682,triphenylamine
2683,triphenylamine
2684,triphenylamine
2685,triphenylamine
2686,triphenylamine
2687,triphenylamine
2688,triphenylamine
2689,triphenylamine
2690,triphenylamine
2691,triphenylamine
2692,triphenylamine
2693,indole
2694,porphyrin
2695,triphenylamine
2696,triphenylamine
2697,triphenylamine
2698,triphenylamine
2699,triphenylamine
2700,triphenylamine
2701,triphenylamine
2702,triphenylamine
2703,triphenylamine
2704,triphenylamine
2705,triphenylamine
2706,triphenylamine
2707,triphenylamine
2708,triphenylamine
2709,triphenylamine
2710,triphenylamine
2711,"Zinc, triphenylamine"
2712,"Zinc, triphenylamine"
2713,"Zinc, triphenylamine"
2714,"Zinc, triphenylamine"
2715,"Zinc, triphenylamine"
2716,"Zinc, triphenylamine"
2717,triphenylamine
2718,triphenylamine
2719,porphyrin
2720,indoline
2721,indoline
2722,indoline
2723,indoline
2724,"triphenylamine,phenothiazine"
2725,triphenylamine
2726,triphenylamine
2727,triphenylamine
2728,"triangulene,cyanine"
2729,"triangulene,cyanine"
2730,"triangulene,cyanine"
2731,"triangulene,cyanine"
2732,"triphenylamine,cyanine"
2733,"triphenylamine,cyanine"
2734,"triphenylamine,cyanine"
2735,"triphenylamine,cyanine"
2736,"triphenylamine,cyanine"
2737,indoline
2738,indoline
2739,indoline
2740,indoline
2741,indoline
2742,indoline
2743,indoline
2744,porphyrin
2745,triphenylamine
2746,triphenylamine
2747,triphenylamine
2748,triphenylamine
2749,triphenylamine
2750,triphenylamine
2751,triphenylamine
2752,triphenylamine
2753,triphenylamine
2754,triphenylamine
2755,triphenylamine
2756,triphenylamine
2757,triphenylamine
2758,triphenylamine
2759,triphenylamine
2760,triphenylamine
2761,triphenylamine
2762,triphenylamine
2763,triphenylamine
2764,triphenylamine
2765,porphyrin
2766,porphyrin
2767,indoline
2768,indoline
2769,indoline
2770,indoline
2771,indoline
2772,indoline
2773,indoline
2774,indoline
2775,indoline
2776,indoline
2777,indoline
2778,triphenylamine
2779,triphenylamine
2780,triphenylamine
2781,triphenylamine
2782,triphenylamine
2783,triphenylamine
2784,triphenylamine
2785,triphenylamine
2786,triphenylamine
2787,triphenylamine
2788,triphenylamine
2789,triphenylamine
2790,triphenylamine
2791,porphyrin
2792,indoline
2793,indoline
2794,indoline
2795,indoline
2796,triphenylamine
2797,indoline
2798,indoline
2799,indoline
2800,indoline
2801,indoline
2802,indoline
2803,indoline
2804,indoline
2805,indoline
2806,indoline
2807,indoline
2808,indoline
2809,indoline
2810,indoline
2811,indoline
2812,triphenylamine
2813,indoline
2814,indoline
2815,"indoline,squaraine"
2816,indoline
2817,indoline
2818,porphyrin
2819,porphyrin
2820,indoline
2821,indoline
2822,indoline
2823,indoline
2824,indoline
2825,indoline
2826,indoline
2827,indoline
2828,indoline
2829,indoline
2830,indoline
2831,indoline
2832,indoline
2833,"indoline,triphenylamine"
2834,"indoline,triphenylamine"
2835,"indoline,triphenylamine"
2836,"indoline,triphenylamine"
2837,"indoline,triphenylamine"
2838,"indoline,triphenylamine"
2839,"indoline,triphenylamine"
2840,"indoline, carbazole"
2841,indoline
2842,indoline
2843,porphyrin
2844,porphyrin
2845,porphyrin
2846,porphyrin
2847,porphyrin
2848,porphyrin
2849,porphyrin
2850,indolzine
2851,indoline
2852,indoline
2853,indoline
2854,indoline
2855,indoline
2856,indoline
2857,indoline
2858,porphyrin
2859,porphyrin
2860,porphyrin
2861,porphyrin
2862,porphyrin
2863,porphyrin
2864,porphyrin
2865,porphyrin
2866,porphyrin
2867,porphyrin
2868,porphyrin
2869,porphyrin
2870,porphyrin
2871,indoline
2872,indoline
2873,indoline
2874,indoline
2875,indoline
2876,indoline
2877,indoline
2878,indoline
2879,indoline
2880,indoline
2881,indoline
2882,indoline
2883,"indoline, triphenylamine"
2884,indoline
2885,indoline
2886,indoline
2887,indoline
2888,indoline
2889,indoline
2890,indoline
2891,indoline
2892,indoline
2893,indoline
2894,indoline
2895,indoline
2896,indoline
2897,indoline
2898,indoline
2899,indoline
2900,indoline
2901,"indoline,triphenylamine"
2902,indoline
2903,indoline
2904,indoline
2905,indoline
2906,indoline
2907,indoline
2908,indoline
2909,indoline
2910,indoline
2911,indoline
2912,indoline
2913,indoline
2914,indoline
2915,indoline
2916,indoline
2917,indoline
2918,indoline
2919,indoline
2920,indoline
2921,indoline
2922,indoline
2923,indoline
2924,indoline
2925,indoline
2926,porphyrin
2927,indoline
2928,indoline
2929,indoline
2930,indoline
2931,indoline
2932,indoline
2933,indoline
2934,indoline
2935,indoline
2936,indoline
2937,indoline
2938,indoline
2939,indoline
2940,indoline
2941,indoline
2942,indoline
2943,indoline
2944,indoline
2945,indoline
2946,indoline
2947,indoline
2948,indoline
2949,indoline
2950,indoline
2951,indoline
2952,indoline
2953,"indoline,squaraine"
2954,"indoline,squaraine"
2955,indoline
2956,indoline
2957,indoline
2958,"indoline,squaraine"
2959,indoline
2960,indoline
2961,"indoline,squaraine"
2962,"indoline,squaraine"
2963,indoline
2964,indoline
2965,indoline
2966,indoline
2967,indoline
2968,indoline
2969,indoline
2970,indoline
2971,indole
2972,indole
2973,indole
2974,indoline
2975,indoline
2976,indoline
2977,indoline
2978,indoline
2979,indoline
2980,indoline
2981,indoline
2982,indoline
2983,indoline
2984,porphyrin
2985,indoline
2986,indoline
2987,indoline
2988,indoline
2989,indoline
2990,indoline
2991,indoline
2992,indoline
2993,indoline
2994,indoline
2995,indoline
2996,indoline
2997,indoline
2998,indoline
2999,indoline
3000,indoline
3001,indoline
3002,indole
3003,indole
3004,indole
3005,indoline
3006,indoline
3007,indoline
3008,indoline
3009,"indoline,triphenylamine"
3010,indoline
3011,"indoline,triphenylamine"
3012,porphyrin
3013,porphyrin
3014,porphyrin
3015,porphyrin
3016,porphyrin
3017,porphyrin
3018,porphyrin
3019,porphyrin
3020,indoline
3021,indoline
3022,indoline
3023,indoline
3024,indoline
3025,indoline
3026,indoline
3027,indoline
3028,indoline
3029,indoline
3030,indoline
3031,indoline
3032,indoline
3033,indoline
3034,indoline
3035,indoline
3036,indoline
3037,indoline
3038,indoline
3039,squarine
3040,cyanine
3041,cyanine
3042,cyanine
3043,cyanine
3044,cyanine
3045,"squaraine, triphenylamine"
3046,indoline
3047,indoline
3048,indoline
3049,indoline
3050,indoline
3051,indoline
3052,indoline
3053,indoline
3054,"Triazatruxene,indoline"
3055,"Triazatruxene,indoline"
3056,Indole
3057,Indole
3058,Indole
3059,Indole
3060,porphyrin
3061,indoline
3062,indoline
3063,indoline
3064,indoline
3065,indoline
3066,indoline
3067,porphyrin
3068,porphyrin
3069,squarine
3070,squarine
3071,squarine
3072,squarine
3073,squarine
3074,squarine
3075,squarine
3076,indoline
3077,indoline
3078,triphenylamine
3079,triphenylamine
3080,indoline
3081,indoline
3082,squarylium
3083,squarylium
3084,squarylium
3085,squarylium
3086,squarylium
3087,squarylium
3088,triphenylamine
3089,squarylium
3090,squarylium
3091,squarylium
3092,squarylium
3093,squarylium
3094,squarylium
3095,hemicyanine
3096,indoline
3097,indoline
3098,indoline
3099,indoline
3100,indoline
3101,indoline
3102,indoline
3103,indoline
3104,indoline
3105,indoline
3106,indoline
3107,indoline
3108,indoline
3109,indoline
3110,indoline
3111,indoline
3112,indoline
3113,indoline
3114,indoline
3115,indoline
3116,indoline
3117,indoline
3118,indoline
3119,indoline
3120,squarine
3121,hemicyanine
3122,hemicyanine
3123,hemicyanine
3124,indoline
3125,indoline
3126,indoline
3127,indoline
3128,indoline
3129,indoline
3130,indoline
3131,indoline
3132,indoline
3133,indoline
3134,indoline
3135,indoline
3136,indoline
3137,indoline
3138,indoline
3139,indoline
3140,"indoline, Squaraine"
3141,"indoline, Squaraine"
3142,"indoline, Squaraine"
3143,"indoline, Squaraine"
3144,hemicyanine
3145,hemicyanine
3146,porphyrin
3147,indoline
3148,indoline
3149,indoline
3150,indoline
3151,indoline
3152,"Triphenylamine,indoline,cyanine"
3153,"Triphenylamine,indoline,cyanine"
3154,indoline
3155,indoline
3156,indoline
3157,indoline
3158,indoline
3159,indoline
3160,indoline
3161,indoline
3162,indoline
3163,indoline
3164,indoline
3165,indoline
3166,indoline
3167,indoline
3168,indoline
3169,indoline
3170,indoline
3171,squaraine
3172,squaraine
3173,hemicyanine
3174,hemicyanine
3175,hemicyanine
3176,hemicyanine
3177,hemicyanine
3178,hemicyanine
3179,hemicyanine
3180,hemicyanine
3181,hemicyanine
3182,hemicyanine
3183,hemicyanine
3184,hemicyanine
3185,hemicyanine
3186,hemicyanine
3187,hemicyanine
3188,hemicyanine
3189,hemicyanine
3190,hemicyanine
3191,hemicyanine
3192,hemicyanine
3193,hemicyanine
3194,hemicyanine
3195,hemicyanine
3196,hemicyanine
3197,hemicyanine
3198,squaraine
3199,squaraine
3200,squaraine
3201,porphyrin
3202,porphyrin
3203,hemicyanine
3204,hemicyanine
3205,hemicyanine
3206,squaraine
3207,squaraine
3208,squaraine
3209,squaraine
3210,squaraine
3211,squaraine
3212,squaraine
3213,squaraine
3214,squaraine
3215,squaraine
3216,squaraine
3217,squaraine
3218,squaraine
3219,squaraine
3220,squaraine
3221,squaraine
3222,squaraine
3223,squaraine
3224,squaraine
3225,squaraine
3226,squaraine
3227,squaraine
3228,squaraine
3229,squaraine
3230,squaraine
3231,squaraine
3232,"N719, Ruthenium"
3233,porphyrin
3234,porphyrin
3235,porphyrin
3236,porphyrin
3237,porphyrin
3238,porphyrin
3239,porphyrin
3240,Coumarin
3241,porphyrin
3242,porphyrin
3243,porphyrin
3244,cyanine
3245,"squaraine, triphenylamine"
3246,"squaraine, carbazole"
3247,"squaraine, carbazole"
3248,"squaraine, carbazole"
3249,"squaraine, carbazole"
3250,"squaraine, carbazole"
3251,"squaraine, carbazole"
3252,"squaraine, carbazole"
3253,cyanine
3254,cyanine
3255,cyanine
3256,cyanine
3257,cyanine
3258,cyanine
3259,cyanine
3260,cyanine
3261,porphyrin
3262,porphyrin
3263,porphyrin
3264,porphyrin
3265,"N719, Ruthenium"
3266,"N719, Ruthenium"
3267,"N719, Ruthenium"
3268,"N719, Ruthenium"
3269,"N719, Ruthenium"
3270,"Z907, Ruthenium"
3271,"N719, Ruthenium"
3272,"N719, Ruthenium"
3273,porphyrin
3274,porphyrin
3275,porphyrin
3276,porphyrin
3277,porphyrin
3278,porphyrin
3279,porphyrin
3280,porphyrin
3281,porphyrin
3282,porphyrin
3283,porphyrin
3284,porphyrin
3285,porphyrin
3286,porphyrin
3287,porphyrin
3288,porphyrin
3289,porphyrin
3290,porphyrin
3291,"N719, Ruthenium"
3292,"N719, Ruthenium"
3293,"N719, Ruthenium"
3294,"N719, Ruthenium"
3295,"N719, Ruthenium"
3296,"N719, Ruthenium"
3297,"N719, Ruthenium"
3298,"N719, Ruthenium"
3299,"Z907, Ruthenium"
3300,porphyrin
3301,porphyrin
3302,porphyrin
3303,porphyrin
3304,porphyrin
3305,porphyrin
3306,porphyrin
3307,porphyrin
3308,porphyrin
3309,porphyrin
3310,porphyrin
3311,porphyrin
3312,"N719, Ruthenium"
3313,"N3, Ruthenium"
3314,"N719, Ruthenium"
3315,"N719, Ruthenium"
3316,"N3, Ruthenium"
3317,"Z907, Ruthenium"
3318,porphyrin
3319,"Z907, Ruthenium"
3320,"Z907, Ruthenium"
3321,"Z907, Ruthenium"
3322,porphyrin
3323,porphyrin
3324,porphyrin
3325,porphyrin
3326,porphyrin
3327,porphyrin
3328,porphyrin
3329,porphyrin
3330,porphyrin
3331,porphyrin
3332,porphyrin
3333,porphyrin
3334,porphyrin
3335,porphyrin
3336,porphyrin
3337,porphyrin
3338,porphyrin
3339,porphyrin
3340,"N3, Ruthenium"
3341,porphyrin
3342,porphyrin
3343,porphyrin
3344,porphyrin
3345,porphyrin
3346,porphyrin
3347,porphyrin
3348,porphyrin
3349,porphyrin
3350,porphyrin
3351,porphyrin
3352,porphyrin
3353,porphyrin
3354,porphyrin
3355,porphyrin
3356,porphyrin
3357,porphyrin
3358,porphyrin
3359,porphyrin
3360,porphyrin
3361,porphyrin
3362,porphyrin
3363,porphyrin
3364,porphyrin
3365,porphyrin
3366,porphyrin
3367,porphyrin
3368,porphyrin
3369,porphyrin
3370,porphyrin
3371,porphyrin
3372,"squaraine,indoline"
3373,porphyrin
3374,porphyrin
3375,porphyrin
3376,porphyrin
3377,porphyrin
3378,porphyrin
3379,porphyrin
3380,porphyrin
3381,porphyrin
3382,porphyrin
3383,porphyrin
3384,porphyrin
3385,porphyrin
3386,porphyrin
3387,porphyrin
3388,porphyrin
3389,porphyrin
3390,porphyrin
3391,porphyrin
3392,porphyrin
3393,porphyrin
3394,porphyrin
3395,porphyrin
3396,porphyrin
3397,porphyrin
3398,porphyrin
3399,porphyrin
3400,porphyrin
3401,porphyrin
3402,porphyrin
3403,porphyrin
3404,porphyrin
3405,porphyrin
3406,porphyrin
3407,porphyrin
3408,porphyrin
3409,porphyrin
3410,porphyrin
3411,porphyrin
3412,porphyrin
3413,porphyrin
3414,porphyrin
3415,porphyrin
3416,porphyrin
3417,porphyrin
3418,porphyrin
3419,porphyrin
3420,porphyrin
3421,porphyrin
3422,porphyrin
3423,porphyrin
3424,porphyrin
3425,porphyrin
3426,porphyrin
3427,porphyrin
3428,porphyrin
3429,porphyrin
3430,porphyrin
3431,porphyrin
3432,porphyrin
3433,porphyrin
3434,porphyrin
3435,porphyrin
3436,porphyrin
3437,porphyrin
3438,porphyrin
3439,porphyrin
3440,porphyrin
3441,porphyrin
3442,porphyrin
3443,porphyrin
3444,porphyrin
3445,porphyrin
3446,porphyrin
3447,porphyrin
3448,porphyrin
3449,porphyrin
3450,porphyrin
3451,porphyrin
3452,porphyrin
3453,"porphyrin, phenothiazine"
3454,"N3, Ruthenium"
3455,"N719, Ruthenium"
3456,"N719, Ruthenium"
3457,"N719, Ruthenium"
3458,"N719, Ruthenium"
3459,porphyrin
3460,porphyrin
3461,porphyrin
3462,porphyrin
3463,porphyrin
3464,porphyrin
3465,porphyrin
3466,porphyrin
3467,porphyrin
3468,porphyrin
3469,porphyrin
3470,porphyrin
3471,porphyrin
3472,porphyrin
3473,porphyrin
3474,porphyrin
3475,porphyrin
3476,porphyrin
3477,porphyrin
3478,porphyrin
3479,"N719, Ruthenium"
3480,"N719, Ruthenium"
3481,"N3, Ruthenium"
3482,"Z907, Ruthenium"
3483,"Z907, Ruthenium"
3484,"Z907, Ruthenium"
3485,"Z907, Ruthenium"
3486,"N3, Ruthenium"
3487,"N719, Ruthenium"
3488,"N719, Ruthenium"
3489,"N719, Ruthenium"
3490,"N719, Ruthenium"
3491,"N719, Ruthenium"
3492,"Z907, Ruthenium"
3493,porphyrin
3494,porphyrin
3495,porphyrin
3496,porphyrin
3497,porphyrin
3498,porphyrin
3499,porphyrin
3500,porphyrin
3501,porphyrin
3502,porphyrin
3503,porphyrin
3504,porphyrin
3505,"N719, Ruthenium"
3506,porphyrin
3507,porphyrin
3508,porphyrin
3509,porphyrin
3510,porphyrin
3511,porphyrin
3512,porphyrin
3513,porphyrin
3514,porphyrin
3515,"N719, Ruthenium"
3516,"N3, Ruthenium"
3517,"N3, Ruthenium"
3518,"N3, Ruthenium"
3519,"N3, Ruthenium"
3520,porphyrin
3521,porphyrin
3522,porphyrin
3523,porphyrin
3524,porphyrin
3525,porphyrin
3526,porphyrin
3527,porphyrin
3528,porphyrin
3529,"Z907, Ruthenium"
3530,"Z907, Ruthenium"
3531,"Z907, Ruthenium"
3532,porphyrin
3533,porphyrin
3534,porphyrin
3535,porphyrin
3536,porphyrin
3537,"squaraine,indoline"
3538,porphyrin
3539,porphyrin
3540,porphyrin
3541,porphyrin
3542,porphyrin
3543,porphyrin
3544,porphyrin
3545,porphyrin
3546,porphyrin
3547,porphyrin
3548,porphyrin
3549,porphyrin
3550,porphyrin
3551,porphyrin
3552,"Z907, Ruthenium"
3553,porphyrin
3554,porphyrin
3555,porphyrin
3556,porphyrin
3557,porphyrin
3558,porphyrin
3559,porphyrin
3560,porphyrin
3561,porphyrin
3562,porphyrin
3563,porphyrin
3564,porphyrin
3565,porphyrin
3566,porphyrin
3567,porphyrin
3568,porphyrin
3569,porphyrin
3570,porphyrin
3571,porphyrin
3572,porphyrin
3573,porphyrin
3574,porphyrin
3575,"N3, Ruthenium"
3576,"N719, Ruthenium"
3577,porphyrin
3578,porphyrin
3579,porphyrin
3580,porphyrin
3581,porphyrin
3582,porphyrin
3583,porphyrin
3584,porphyrin
3585,porphyrin
3586,porphyrin
3587,porphyrin
3588,porphyrin
3589,porphyrin
3590,porphyrin
3591,porphyrin
3592,porphyrin
3593,porphyrin
3594,porphyrin
3595,porphyrin
3596,porphyrin
3597,porphyrin
3598,porphyrin
3599,"N3, Ruthenium"
3600,porphyrin
3601,porphyrin
3602,porphyrin
3603,porphyrin
3604,porphyrin
3605,porphyrin
3606,porphyrin
3607,porphyrin
3608,porphyrin
3609,porphyrin
3610,porphyrin
3611,porphyrin
3612,porphyrin
3613,porphyrin
3614,porphyrin
3615,porphyrin
3616,porphyrin
3617,porphyrin
3618,porphyrin
3619,porphyrin
3620,"porphyrin, phenothiazine"
3621,"N3, Ruthenium"
3622,porphyrin
3623,porphyrin
3624,porphyrin
3625,porphyrin
3626,porphyrin
3627,porphyrin
3628,porphyrin
3629,porphyrin
3630,porphyrin
3631,porphyrin
3632,porphyrin
3633,porphyrin
3634,porphyrin
3635,porphyrin
3636,porphyrin
3637,porphyrin
3638,porphyrin
3639,porphyrin
3640,porphyrin
3641,porphyrin
3642,porphyrin
3643,"Z907, Ruthenium"
3644,porphyrin
3645,porphyrin
3646,porphyrin
3647,porphyrin
3648,porphyrin
3649,porphyrin
3650,porphyrin
3651,porphyrin
3652,porphyrin
3653,porphyrin
3654,porphyrin
3655,porphyrin
3656,porphyrin
3657,porphyrin
3658,porphyrin
3659,porphyrin
3660,porphyrin
3661,porphyrin
3662,porphyrin
3663,porphyrin
3664,porphyrin
3665,porphyrin
3666,porphyrin
3667,porphyrin
3668,porphyrin
3669,porphyrin
3670,porphyrin
3671,Nickel-Porphyrin
3672,Nickel-Porphyrin
3673,porphyrin
3674,porphyrin
3675,porphyrin
3676,porphyrin
3677,porphyrin
3678,porphyrin
3679,porphyrin
3680,porphyrin
3681,porphyrin
3682,porphyrin
3683,porphyrin
3684,porphyrin
3685,porphyrin
3686,porphyrin
3687,porphyrin
3688,"porphyrin, phenothiazine"
3689,porphyrin
3690,porphyrin
3691,porphyrin
3692,porphyrin
3693,porphyrin
3694,porphyrin
3695,porphyrin
3696,porphyrin
3697,porphyrin
3698,porphyrin
3699,porphyrin
3700,porphyrin
3701,porphyrin
3702,porphyrin
3703,porphyrin
3704,porphyrin
3705,porphyrin
3706,porphyrin
3707,porphyrin
3708,porphyrin
3709,porphyrin
3710,porphyrin
3711,porphyrin
3712,porphyrin
3713,porphyrin
3714,porphyrin
3715,porphyrin
3716,porphyrin
3717,porphyrin
3718,Porphyrin
3719,porphyrin
3720,Porphyrin
3721,porphyrin
3722,porphyrin
3723,porphyrin
3724,porphyrin
3725,porphyrin
3726,porphyrin
3727,porphyrin
3728,porphyrin
3729,porphyrin
3730,porphyrin
3731,porphyrin
3732,porphyrin
3733,"squaraine,indoline"
3734,porphyrin
3735,porphyrin
3736,porphyrin
3737,porphyrin
3738,porphyrin
3739,porphyrin
3740,porphyrin
3741,porphyrin
3742,"porphyrin,anthracene"
3743,porphyrin
3744,porphyrin
3745,porphyrin
3746,porphyrin
3747,porphyrin
3748,porphyrin
3749,porphyrin
3750,porphyrin
3751,porphyrin
3752,porphyrin
3753,porphyrin
3754,porphyrin
3755,porphyrin
3756,porphyrin
3757,porphyrin
3758,porphyrin
3759,porphyrin
3760,porphyrin
3761,porphyrin
3762,porphyrin
3763,porphyrin
3764,porphyrin
3765,porphyrin
3766,porphyrin
3767,porphyrin
3768,porphyrin
3769,porphyrin
3770,porphyrin
3771,porphyrin
3772,porphyrin
3773,porphyrin
3774,porphyrin
3775,porphyrin
3776,porphyrin
3777,porphyrin
3778,porphyrin
3779,porphyrin
3780,porphyrin
3781,porphyrin
3782,porphyrin
3783,porphyrin
3784,porphyrin
3785,porphyrin
3786,porphyrin
3787,"porphyrin, phenothiazine"
3788,"porphyrin, phenothiazine"
3789,"porphyrin, phenothiazine"
3790,"N3, Ruthenium"
3791,"N719, Ruthenium"
3792,"N719, Ruthenium"
3793,"Z907, Ruthenium"
3794,"Z907, Ruthenium"
3795,"N3, Ruthenium"
3796,"N3, Ruthenium"
3797,"N3, Ruthenium"
3798,"N719, Ruthenium"
3799,"N719, Ruthenium"
3800,"N719, Ruthenium"
3801,"N3, Ruthenium"
3802,"N3, Ruthenium"
3803,"N3, Ruthenium"
3804,"N3, Ruthenium"
3805,"N3, Ruthenium"
3806,"N3, Ruthenium"
3807,"N719, Ruthenium"
3808,"N719, Ruthenium"
3809,"N719, Ruthenium"
3810,"N719, Ruthenium"
3811,"N719, Ruthenium"
3812,"N719, Ruthenium"
3813,"N719, Ruthenium"
3814,"N3, Ruthenium"
3815,"N719, Ruthenium"
3816,"N719, Ruthenium"
3817,"N719, Ruthenium"
3818,"squaraine,indoline"
3819,"N3, Ruthenium"
3820,"N719, Ruthenium"
3821,"N719, Ruthenium"
3822,"N719, Ruthenium"
3823,"N719, Ruthenium"
3824,"N719, Ruthenium"
3825,"N719, Ruthenium"
3826,"N719, Ruthenium"
3827,"N719, Ruthenium"
3828,"N719, Ruthenium"
3829,"N719, Ruthenium"
3830,"N719, Ruthenium"
3831,"N719, Ruthenium"
3832,"N3, Ruthenium"
3833,"N719, Ruthenium"
3834,"N719, Ruthenium"
3835,"N719, Ruthenium"
3836,"N719, Ruthenium"
3837,"N719, Ruthenium"
3838,"N719, Ruthenium"
3839,"N719, Ruthenium"
3840,"N719, Ruthenium"
3841,"N719, Ruthenium"
3842,"N3, Ruthenium"
3843,"N719, Ruthenium"
3844,"N719, Ruthenium"
3845,"N3, Ruthenium"
3846,carbazole
3847,carbazole
3848,"squaraine,indoline"
3849,carbazole
3850,"N719, Ruthenium"
3851,"N719, Ruthenium"
3852,"N3, Ruthenium"
3853,"N719, Ruthenium"
3854,"N719, Ruthenium"
3855,"N719, Ruthenium"
3856,"Z907, Ruthenium"
3857,"Z907, Ruthenium"
3858,"Z907, Ruthenium"
3859,"N719, Ruthenium"
3860,carbazole
3861,carbazole
3862,carbazole
3863,carbazole
3864,carbazole
3865,carbazole
3866,carbazole
3867,carbazole
3868,carbazole
3869,carbazole
3870,carbazole
3871,carbazole
3872,carbazole
3873,carbazole
3874,carbazole
3875,carbazole
3876,carbazole
3877,"N719, Ruthenium"
3878,"N719, Ruthenium"
3879,"N719, Ruthenium"
3880,"N719, Ruthenium"
3881,"N719, Ruthenium"
3882,"N719, Ruthenium"
3883,"N719, Ruthenium"
3884,"N719, Ruthenium"
3885,"N719, Ruthenium"
3886,"N719, Ruthenium"
3887,"N719, Ruthenium"
3888,"N719, Ruthenium"
3889,"N719, Ruthenium"
3890,"N719, Ruthenium"
3891,"N719, Ruthenium"
3892,"N719, Ruthenium"
3893,"N719, Ruthenium"
3894,"N719, Ruthenium"
3895,"N719, Ruthenium"
3896,"N719, Ruthenium"
3897,"N719, Ruthenium"
3898,"N719, Ruthenium"
3899,"N719, Ruthenium"
3900,"N3, Ruthenium"
3901,"N719, Ruthenium"
3902,"N719, Ruthenium"
3903,"N719, Ruthenium"
3904,"N719, Ruthenium"
3905,"N719, Ruthenium"
3906,"N719, Ruthenium"
3907,"N719, Ruthenium"
3908,"N719, Ruthenium"
3909,"N719, Ruthenium"
3910,"N3, Ruthenium"
3911,"N719, Ruthenium"
3912,"N719, Ruthenium"
3913,"N719, Ruthenium"
3914,"N719, Ruthenium"
3915,"N719, Ruthenium"
3916,"N719, Ruthenium"
3917,"N719, Ruthenium"
3918,"N719, Ruthenium"
3919,"N719, Ruthenium"
3920,"N719, Ruthenium"
3921,"N719, Ruthenium"
3922,"N719, Ruthenium"
3923,"N719, Ruthenium"
3924,"N719, Ruthenium"
3925,"N719, Ruthenium"
3926,"N719, Ruthenium"
3927,"N719, Ruthenium"
3928,"N3, Ruthenium"
3929,"N719, Ruthenium"
3930,"N719, Ruthenium"
3931,"N3, Ruthenium"
3932,"N719, Ruthenium"
3933,"N719, Ruthenium"
3934,"N719, Ruthenium"
3935,"N719, Ruthenium"
3936,"N719, Ruthenium"
3937,"N719, Ruthenium"
3938,"N719, Ruthenium"
3939,"N719, Ruthenium"
3940,"N719, Ruthenium"
3941,"N719, Ruthenium"
3942,"N719, Ruthenium"
3943,"N719, Ruthenium"
3944,"N719, Ruthenium"
3945,"N3, Ruthenium"
3946,"N719, Ruthenium"
3947,"N719, Ruthenium"
3948,"N719, Ruthenium"
3949,"N719, Ruthenium"
3950,"N3, Ruthenium"
3951,"N719, Ruthenium"
3952,"coumarin, dimethylfluorene"
3953,"coumarin, dimethylfluorene"
3954,"coumarin, dimethylfluorene"
3955,indoline
3956,indoline
3957,indoline
3958,indoline
3959,indoline
3960,indoline
3961,indoline
3962,indoline
3963,indoline
3964,triphenylamine
3965,triphenylamine
3966,triphenylamine
3967,triphenylamine
3968,triphenylamine
3969,triphenylamine
3970,triphenylamine
3971,"N3, Ruthenium"
3972,"N3, Ruthenium"
3973,"N3, Ruthenium"
3974,"N3, Ruthenium"
3975,"N719, Ruthenium"
3976,"N719, Ruthenium"
3977,"N719, Ruthenium"
3978,"N719, Ruthenium"
3979,"N719, Ruthenium"
3980,"N719, Ruthenium"
3981,"N719, Ruthenium"
3982,"N719, Ruthenium"
3983,"N719, Ruthenium"
3984,"N719, Ruthenium"
3985,"N719, Ruthenium"
3986,"N719, Ruthenium"
3987,"N719, Ruthenium"
3988,"N719, Ruthenium"
3989,"N719, Ruthenium"
3990,"N719, Ruthenium"
3991,"N719, Ruthenium"
3992,"N719, Ruthenium"
3993,"N719, Ruthenium"
3994,"N719, Ruthenium"
3995,"N719, Ruthenium"
3996,"squaraine,indoline"
3997,"squaraine,indoline"
3998,"squaraine,indoline"
3999,"squaraine,indoline"
4000,"squaraine,indoline"
4001,"squaraine,indoline"
4002,"squaraine,indoline"
4003,"squaraine,indoline"
4004,"squaraine,indoline"
4005,"squaraine,indoline"
4006,"squaraine,indoline"
4007,"squaraine,indoline"
4008,"squaraine,indoline"
4009,phenoxazine
4010,phenoxazine
4011,phenoxazine
4012,phenoxazine
4013,hemicyanine
4014,hemicyanine
4015,hemicyanine
4016,"N719, Ruthenium"
4017,"N719, Ruthenium"
4018,"N719, Ruthenium"
4019,"N719, Ruthenium"
4020,"N719, Ruthenium"
4021,"N719, Ruthenium"
4022,"N719, Ruthenium"
4023,"N719, Ruthenium"
4024,"N719, Ruthenium"
4025,"N719, Ruthenium"
4026,"N719, Ruthenium"
4027,"N719, Ruthenium"
4028,"N719, Ruthenium"
4029,"N3, Ruthenium"
4030,"N719, Ruthenium"
4031,"N719, Ruthenium"
4032,"N719, Ruthenium"
4033,"N719, Ruthenium"
4034,"N719, Ruthenium"
4035,"N719, Ruthenium"
4036,"N719, Ruthenium"
4037,"N3, Ruthenium"
4038,"N719, Ruthenium"
4039,"N719, Ruthenium"
4040,"N3, Ruthenium"
4041,hemicyanine
4042,"N719, Ruthenium"
4043,"N719, Ruthenium"
4044,"N719, Ruthenium"
4045,"N719, Ruthenium"
4046,"N719, Ruthenium"
4047,"N719, Ruthenium"
4048,"N719, Ruthenium"
4049,"N719, Ruthenium"
4050,"N719, Ruthenium"
4051,"N719, Ruthenium"
4052,"N3, Ruthenium"
4053,"Z907, Ruthenium"
4054,"N719, Ruthenium"
4055,"N719, Ruthenium"
4056,"N3, Ruthenium"
4057,"N719, Ruthenium"
4058,"N3, Ruthenium"
4059,"N719, Ruthenium"
4060,"N719, Ruthenium"
4061,"N719, Ruthenium"
4062,"N719, Ruthenium"
4063,"N719, Ruthenium"
4064,"N719, Ruthenium"
4065,"N719, Ruthenium"
4066,"N3, Ruthenium"
4067,"N719, Ruthenium"
4068,"N719, Ruthenium"
4069,"Z907, Ruthenium"
4070,"Z907, Ruthenium"
4071,hemicyanine
4072,hemicyanine
4073,hemicyanine
4074,hemicyanine
4075,hemicyanine
4076,cyanine
4077,cyanine
4078,"Z907, Ruthenium"
4079,"N3, Ruthenium"
4080,"N719, Ruthenium"
4081,"N719, Ruthenium"
4082,"N719, Ruthenium"
4083,"N719, Ruthenium"
4084,"N719, Ruthenium"
4085,"N719, Ruthenium"
4086,"N719, Ruthenium"
4087,"N719, Ruthenium"
4088,"N719, Ruthenium"
4089,"N719, Ruthenium"
4090,"N719, Ruthenium"
4091,"N719, Ruthenium"
4092,"N719, Ruthenium"
4093,"N3, Ruthenium"
4094,cyanine
4095,"N719, Ruthenium"
4096,"N719, Ruthenium"
4097,"N719, Ruthenium"
4098,"N719, Ruthenium"
4099,"N719, Ruthenium"
4100,"N719, Ruthenium"
4101,"N719, Ruthenium"
4102,"Z907, Ruthenium"
4103,"N719, Ruthenium"
4104,"Z907, Ruthenium"
4105,"N3, Ruthenium"
4106,"N719, Ruthenium"
4107,"Z907, Ruthenium"
4108,"Z907, Ruthenium"
4109,"N719, Ruthenium"
4110,"N719, Ruthenium"
4111,"N719, Ruthenium"
4112,"Z907, Ruthenium"
4113,"Z907, Ruthenium"
4114,"Z907, Ruthenium"
4115,"N719, Ruthenium"
4116,"Z907, Ruthenium"
4117,"N719, Ruthenium"
4118,"Z907, Ruthenium"
4119,"N3, Ruthenium"
4120,"N719, Ruthenium"
4121,"N3, Ruthenium"
4122,"N3, Ruthenium"
4123,"Z907, Ruthenium"
4124,"Z907, Ruthenium"
4125,"Z907, Ruthenium"
4126,merocyanine
4127,merocyanine
4128,merocyanine
4129,merocyanine
4130,merocyanine
4131,merocyanine
4132,"N719, Ruthenium"
4133,"Z907, Ruthenium"
4134,"Z907, Ruthenium"
4135,"Z907, Ruthenium"
4136,"Z907, Ruthenium"
4137,"Z907, Ruthenium"
4138,"Z907, Ruthenium"
4139,"Z907, Ruthenium"
4140,"Z907, Ruthenium"
4141,"Z907, Ruthenium"
4142,"Z907, Ruthenium"
4143,"N719, Ruthenium"
4144,"N719, Ruthenium"
4145,"N3, Ruthenium"
4146,"N719, Ruthenium"
4147,"N719, Ruthenium"
4148,"N719, Ruthenium"
4149,"N719, Ruthenium"
4150,"N719, Ruthenium"
4151,"N719, Ruthenium"
4152,merocyanine
4153,merocyanine
4154,"N749 black dye, Ruthenium"
4155,"N749 black dye, Ruthenium"
4156,"N749 black dye, Ruthenium"
4157,"N749 black dye, Ruthenium"
4158,"N749 black dye, Ruthenium"
4159,"N749 black dye, Ruthenium"
4160,"N535, Ruthenium"
4161,"N719, Ruthenium"
4162,"N749 black dye, Ruthenium"
4163,"N749 black dye, Ruthenium"
4164,"N749 black dye, Ruthenium"
4165,"N749 black dye, Ruthenium"
4166,"N749 black dye, Ruthenium"
4167,"N749 black dye, Ruthenium"
4168,"N749 black dye, Ruthenium"
4169,"N749 black dye, Ruthenium"
4170,"N621, Ruthenium"
4171,"N621, Ruthenium"
4172,"N621, Ruthenium"
4173,Coumarin
4174,Coumarin
4175,triphenylamine
4176,squaraine
4177,squaraine
4178,cyanine
4179,cyanine
4180,"carboxylbenzyl, squarylium, cyanine"
4181,"carboxylbenzyl, squarylium, cyanine"
4182,"N719, Ruthenium"
4183,"N719, Ruthenium"
4184,"N719, Ruthenium"
4185,"N719, Ruthenium"
4186,"N719, Ruthenium"
4187,"N719, Ruthenium"
4188,"N3, Ruthenium"
4189,"N719, Ruthenium"
4190,"N3, Ruthenium"
4191,"N3, Ruthenium"
4192,"N719, Ruthenium"
4193,"N719, Ruthenium"
4194,"N719, Ruthenium"
4195,"N719, Ruthenium"
4196,"N719, Ruthenium"
4197,"N3, Ruthenium"
4198,"N3, Ruthenium"
4199,"N719, Ruthenium"
4200,"N719, Ruthenium"
4201,"N719, Ruthenium"
4202,"N719, Ruthenium"
4203,"N3, Ruthenium"
4204,"N3, Ruthenium"
4205,"N3, Ruthenium"
4206,"N3, Ruthenium"
4207,"N3, Ruthenium"
4208,"Z907, Ruthenium"
4209,"Z907, Ruthenium"
4210,"Z907, Ruthenium"
4211,"Z907, Ruthenium"
4212,"Z907, Ruthenium"
4213,"Z907, Ruthenium"
4214,"N719, Ruthenium"
4215,"N719, Ruthenium"
4216,"N719, Ruthenium"
4217,"N3, Ruthenium"
4218,"N719, Ruthenium"
4219,"N719, Ruthenium"
4220,"N719, Ruthenium"
4221,"N3, Ruthenium"
4222,"Z907, Ruthenium"
4223,"N719, Ruthenium"
4224,"N719, Ruthenium"
4225,"N719, Ruthenium"
4226,"N719, Ruthenium"
4227,"N719, Ruthenium"
4228,"N719, Ruthenium"
4229,"N719, Ruthenium"
4230,Coumarin
4231,Coumarin
4232,pyrrole
4233,fluorene
4234,pyrrole
4235,pyrrole
4236,fluorene
4237,fluorene
4238,perylene
4239,perylene
4240,carbazole
4241,carbazole
4242,Coumarin
4243,Coumarin
4244,Coumarin
4245,coumarin
4246,triphenylamine
4247,triphenylamine
4248,triphenylamine
4249,triphenylamine
4250,triphenylamine
4251,triphenylamine
4252,triphenylamine
4253,indoline
4254,indoline
4255,indoline
4256,indoline
4257,indoline
4258,indoline
4259,"N719, Ruthenium"
4260,"N719, Ruthenium"
4261,"N719, Ruthenium"
4262,"N719, Ruthenium"
4263,"N719, Ruthenium"
4264,"N719, Ruthenium"
4265,"N719, Ruthenium"
4266,"N719, Ruthenium"
4267,"N719, Ruthenium"
4268,"N719, Ruthenium"
4269,"N719, Ruthenium"
4270,"N719, Ruthenium"
4271,"N719, Ruthenium"
4272,"N719, Ruthenium"
4273,"N719, Ruthenium"
4274,"N719, Ruthenium"
4275,"N719, Ruthenium"
4276,diethylamine
4277,"N719, Ruthenium"
4278,"N719, Ruthenium"
4279,"N719, Ruthenium"
4280,"N719, Ruthenium"
4281,"N719, Ruthenium"
4282,"N719, Ruthenium"
4283,"N719, Ruthenium"
4284,"N719, Ruthenium"
4285,"N719, Ruthenium"
4286,"N3, Ruthenium"
4287,"N719, Ruthenium"
4288,"N719, Ruthenium"
4289,"N719, Ruthenium"
4290,"N3, Ruthenium"
4291,"N3, Ruthenium"
4292,"N3, Ruthenium"
4293,"N3, Ruthenium"
4294,"N719, Ruthenium"
4295,"N719, Ruthenium"
4296,"N719, Ruthenium"
4297,"N719, Ruthenium"
4298,"N719, Ruthenium"
4299,"N719, Ruthenium"
4300,"N719, Ruthenium"
4301,"N719, Ruthenium"
4302,"N3, Ruthenium"
4303,"N719, Ruthenium"
4304,"N719, Ruthenium"
4305,"N719, Ruthenium"
4306,"N719, Ruthenium"
4307,"N719, Ruthenium"
4308,"N719, Ruthenium"
4309,methoxyphenyl
4310,methoxyphenyl
4311,phenothiazine
4312,Phenothiazine
4313,Phenothiazine
4314,Phenothiazine
4315,phenothiazine
4316,phenothiazine
4317,phenothiazine
4318,phenoxazine
4319,phenoxazine
4320,phenoxazine
4321,phenoxazine
4322,phenoxazine
4323,dimethylaniline
4324,Phenoxazine
4325,Phenoxazine
4326,phenothiazine
4327,phenothiazine
4328,phenothiazine
4329,phenothiazine
4330,phenothiazine
4331,phenothiazine
4332,phenothiazine
4333,phenothiazine
4334,phenothiazine
4335,phenothiazine
4336,"phenothiazine, indole"
4337,phenothiazine
4338,phenothiazine
4339,phenothiazine
4340,Phenothiazine
4341,phenothiazine
4342,phenothiazine
4343,phenothiazine
4344,phenothiazine
4345,phenothiazine
4346,phenothiazine
4347,phenothiazine
4348,phenothiazine
4349,phenothiazine
4350,phenothiazine
4351,triphenylamine
4352,triphenylamine
4353,triphenylamine
4354,triphenylamine
4355,triphenylamine
4356,triphenylamine
4357,indoline
4358,indoline
4359,indoline
4360,indoline
4361,Triphenylamine
4362,Triphenylamine
4363,triphenylamine
4364,triphenylamine
4365,"triphenylamine,indole"
4366,"triphenylamine,indole"
4367,"N3, Ruthenium"
4368,"N719, Ruthenium"
4369,"N3, Ruthenium"
4370,indole
4371,"triphenylamine,indole"
4372,"triphenylamine,indole"
4373,"perylene,triphenylamine"
4374,"perylene,triphenylamine"
4375,"perylene,triphenylamine"
4376,"perylene,triphenylamine"
4377,"perylene,triphenylamine"
4378,"N719, Ruthenium"
4379,"N719, Ruthenium"
4380,"N719, Ruthenium"
4381,"N719, Ruthenium"
4382,phenothiazine
4383,phenothiazine
4384,phenothiazine
4385,phenothiazine
4386,phenothiazine
4387,phenothiazine
4388,phenothiazine
4389,phenothiazine
4390,phenothiazine
4391,phenothiazine
4392,phenothiazine
4393,Coumarin
4394,Coumarin
4395,Coumarin
4396,Coumarin
4397,"Z907, Ruthenium"
4398,phenothiazine
4399,phenothiazine
4400,phenothiazine
4401,"N719, Ruthenium"
4402,triphenylamine
4403,triphenylamine
4404,triphenylamine
4405,julolidine
4406,julolidine
4407,triphenylamine
4408,carbazole
4409,julolidine
4410,julolidine
4411,julolidine
4412,julolidine
4413,julolidine
4414,julolidine
4415,julolidine
4416,julolidine
4417,indoline
4418,indoline
4419,indoline
4420,"N719, Ruthenium"
4421,"N719, Ruthenium"
4422,phenothiazine
4423,phenothiazine
4424,phenothiazine
4425,phenothiazine
